Date,Home,Away,H_GP,A_GP,H_Pace,A_Pace,H_ORtg,A_ORtg,H_DRtg,A_DRtg,H_eFG%,A_eFG%,H_DeFG%,A_DeFG%,H_TO%,A_TO%,H_DTO%,A_DTO%,H_OR%,A_OR%,H_DOR%,A_DOR%,H_FTR,A_FTR,H_DFTR,A_DFTR,H_FIC,A_FIC,H_DFIC,A_DFIC,F_H_ORtg,F_A_ORtg,F_H_DRtg,F_A_DRtg,F_H_eFG%,F_A_eFG%,F_H_DeFG%,F_A_DeFG%,F_H_TO%,F_A_TO%,F_H_DTO%,F_A_DTO%,F_H_OR%,F_A_OR%,F_H_DOR%,F_A_DOR%,F_H_FTR,F_A_FTR,F_H_DFTR,F_A_DFTR,F_H_FIC,F_A_FIC,F_H_DFIC,F_A_DFIC,H_gsf_TS%,H_gsf_TO%,H_gsf_OREB%,H_gsf_FTR,H_pfc_TS%,H_pfc_TO%,H_pfc_OREB%,H_pfc_FTR,H_opp_gsf_TS%,H_opp_gsf_TO%,H_opp_gsf_OREB%,H_opp_gsf_FTR,H_opp_pfc_TS%,H_opp_pfc_TO%,H_opp_pfc_OREB%,H_opp_pfc_FTR,A_gsf_TS%,A_gsf_TO%,A_gsf_OREB%,A_gsf_FTR,A_pfc_TS%,A_pfc_TO%,A_pfc_OREB%,A_pfc_FTR,A_opp_gsf_TS%,A_opp_gsf_TO%,A_opp_gsf_OREB%,A_opp_gsf_FTR,A_opp_pfc_TS%,A_opp_pfc_TO%,A_opp_pfc_OREB%,A_opp_pfc_FTR,Spread,Home Spread Odds,Away Spread Odds,Total,Over Total Odds,Under Total Odds,P_H_ORtg,P_A_ORtg,P_H_DRtg,P_A_DRtg,P_H_eFG%,P_A_eFG%,P_H_DeFG%,P_A_DeFG%,P_H_TO%,P_A_TO%,P_H_DTO%,P_A_DTO%,P_H_OR%,P_A_OR%,P_H_DOR%,P_A_DOR%,P_H_FTR,P_A_FTR,P_H_DFTR,P_A_DFTR,P_H_FIC,P_A_FIC,P_H_DFIC,P_A_DFIC,P_F_H_ORtg,P_F_A_ORtg,P_F_H_DRtg,P_F_A_DRtg,P_F_H_eFG%,P_F_A_eFG%,P_F_H_DeFG%,P_F_A_DeFG%,P_F_H_TO%,P_F_A_TO%,P_F_H_DTO%,P_F_A_DTO%,P_F_H_OR%,P_F_A_OR%,P_F_H_DOR%,P_F_A_DOR%,P_F_H_FTR,P_F_A_FTR,P_F_H_DFTR,P_F_A_DFTR,P_F_H_FIC,P_F_A_FIC,P_F_H_DFIC,P_F_A_DFIC,P_H_gsf_TS%,P_H_gsf_TO%,P_H_gsf_OREB%,P_H_gsf_FTR,P_H_pfc_TS%,P_H_pfc_TO%,P_H_pfc_OREB%,P_H_pfc_FTR,P_H_opp_gsf_TS%,P_H_opp_gsf_TO%,P_H_opp_gsf_OREB%,P_H_opp_gsf_FTR,P_H_opp_pfc_TS%,P_H_opp_pfc_TO%,P_H_opp_pfc_OREB%,P_H_opp_pfc_FTR,P_A_gsf_TS%,P_A_gsf_TO%,P_A_gsf_OREB%,P_A_gsf_FTR,P_A_pfc_TS%,P_A_pfc_TO%,P_A_pfc_OREB%,P_A_pfc_FTR,P_A_opp_gsf_TS%,P_A_opp_gsf_TO%,P_A_opp_gsf_OREB%,P_A_opp_gsf_FTR,P_A_opp_pfc_TS%,P_A_opp_pfc_TO%,P_A_opp_pfc_OREB%,P_A_opp_pfc_FTR,Predicted Spread,Predicted Total,Spread Bet,Spread Amount,O/U Bet,O/U Amount
2022-02-24,EFE,MAC,24,23,71.2916666667,69.1739130435,115.0375,113.0347826087,112.0125,112.2956521739,0.5421666667,0.5366956522,0.5349583333,0.5507826087,0.1547916667,0.1663043478,0.1689583333,0.1688695652,0.2426666667,0.2593913043,0.2890416667,0.2469565217,0.2302916667,0.2398695652,0.1803333333,0.2077826087,60.0958333333,54.7,57.325,54.3173913043,111.8,121.5,112.42,112.46,0.5526,0.575,0.5252,0.5474,0.1582,0.1376,0.1732,0.176,0.2186,0.225,0.3282,0.2568,0.167,0.2676,0.1584,0.2282,65.5,58.22,59.82,50.96,0.5916577434,0.1636762211,0.0177690325,0.2993522175,0.6044757692,0.1226524105,0.0701049509,0.3275102804,0.5559850537,0.1564891259,0.1283558472,0.2124127743,0.5761580897,0.1273098388,0.212451117,0.2475805404,0.5513046759,0.1652382388,0.0163175163,0.2626119639,0.621607994,0.1379880074,0.0671543767,0.3783673269,0.5564630504,0.1577789954,0.1077963336,0.2370265927,0.6587495093,0.1346302216,0.167406722,0.2811300329,-9.5,1.943,1.943,161.5,1.943,1.925,8079.4045629529,7938.7481332703,7866.9503736413,7886.8369407688,38.0778775664,37.6936329553,37.5716162062,38.6829992124,10.8714505963,11.6800183129,11.8664151193,11.8601806868,17.0431570048,18.2177749685,20.3002026344,17.3444454946,16.1740262304,16.8467087665,12.6653131039,14.5931522921,4220.6980336655,3841.7336050725,4026.094678442,3814.861928954,7852.0259057971,8533.2839673913,7895.5702355073,7898.3795471015,38.8106396739,40.3838541667,36.8862612319,38.4454291667,11.1108273551,9.6640318841,12.1643192029,12.3609710145,15.3528878623,15.8023777174,23.0504016304,18.0357804348,11.7288759058,18.7942945652,11.124873913,16.0271226449,4600.2477355073,4088.9530253623,4201.3254891304,3579.0629710145,41.5537739593,11.49543764,1.2479687228,21.0243413852,42.4540196688,8.6142209731,4.9236662857,23.0019606954,39.0483814418,10.9906678943,9.0147892444,14.918341738,40.4651900377,8.9413251549,14.9210346565,17.3882720652,38.7196654473,11.6051425013,1.1460246959,18.4439708773,43.6572636125,9.6912827266,4.7164392246,26.5737929613,39.0819524816,11.0812590273,7.5708372457,16.6470388747,46.2658158553,9.4554560639,11.7574411281,19.7445465219,-6.5379466508,160.2359358038,,,,
2022-02-24,BAY,CSKA,24,24,65.875,69.2916666667,112.3333333333,116.6791666667,111.5666666667,113.7833333333,0.528,0.5259166667,0.5406666667,0.5537916667,0.1597916667,0.1557916667,0.1770416667,0.18075,0.2907916667,0.3365416667,0.244,0.2787916667,0.2128333333,0.2086666667,0.2699583333,0.2095,47.1916666667,57.6916666667,48.175,55.3458333333,110.38,114.62,99.46,112.12,0.5502,0.5108,0.5066,0.556,0.1664,0.1454,0.1954,0.1974,0.238,0.3038,0.2244,0.2446,0.1404,0.2246,0.2254,0.2484,49.74,57.32,39.52,57.44,0.5854966208,0.1474654346,0.0265922542,0.3422401215,0.5857418126,0.1256660534,0.0826972784,0.3463700142,0.5602021317,0.1592574416,0.1219578054,0.340217162,0.6232717962,0.1415931355,0.1751512809,0.3962144307,0.5806699946,0.1404096923,0.0321224588,0.2905146311,0.6239851693,0.1314761159,0.0873382,0.3938369588,0.5781910734,0.1613898694,0.131892436,0.226285177,0.5979672927,0.1463461914,0.199250468,0.3819581895,4.5,1.877,2.02,153.0,1.99,1.884,7591.8611111111,7885.5670138889,7540.0472222222,7689.8569444445,35.684,35.5432013889,36.5400555556,37.4270868056,10.7992534722,10.5289201389,11.9650659722,12.2156875,19.6526701389,22.7446076389,16.4903333333,18.8416701389,14.3839861111,14.1023888889,18.2446840278,14.1587083333,3189.3701388889,3898.9951388889,3255.8270833333,3740.4559027778,7459.8483333333,7746.4016666667,6721.8383333333,7577.4433333333,37.18435,34.5215666667,34.2377166667,37.5763333333,11.2458666667,9.8266166667,13.2057833333,13.34095,16.0848333333,20.5318166667,15.1657,16.5308833333,9.4887,15.1792166667,15.2332833333,16.7877,3361.595,3873.8766666667,2670.8933333333,3881.9866666667,39.5698132878,9.9662056197,1.7971931782,23.1297282095,39.5863841677,8.4929307726,5.5889577301,23.4088401293,37.8603274027,10.7631487582,8.2423150182,22.9930098679,42.1227855627,9.5693360746,11.8373073995,26.777491941,39.2436138038,9.4893550366,2.1709428436,19.6339471518,42.1709976899,8.8855941686,5.9026066832,26.6168144685,39.076080042,10.9072653416,8.913730468,15.2931065454,40.4126228679,9.8905634383,13.4660107988,25.8140076384,-7.5567764745,151.0913367337,,,,
2022-02-24,ZAL,RMB,23,25,66.3043478261,70.28,105.8217391304,112.7,119.6739130435,102.744,0.5063478261,0.53516,0.5533913043,0.5,0.1752173913,0.17472,0.1513478261,0.16976,0.2824782609,0.28388,0.2984782609,0.24188,0.1870434783,0.1906,0.2095217391,0.19064,46.0695652174,60.204,59.7565217391,47.42,111.86,103.28,122.9,102.66,0.541,0.461,0.5646,0.4658,0.175,0.1604,0.1506,0.1216,0.2448,0.2662,0.3432,0.2336,0.21,0.214,0.2428,0.1794,49.42,52.86,57.68,49.9,0.5672171195,0.1434701536,0.0292450651,0.2477356198,0.6004858094,0.1411653873,0.0690828346,0.2957048189,0.5766666029,0.1299877838,0.1406749851,0.259837814,0.6125232265,0.1345278822,0.2143554897,0.3213322219,0.5582435256,0.1458805961,0.0231065722,0.2650771767,0.6398582546,0.1475997702,0.0704082161,0.3212410622,0.5185414766,0.1590658643,0.1166471355,0.2134609035,0.5647497698,0.1323695115,0.1405571897,0.2788374965,8.5,2.0,1.892,151.0,1.925,1.943,7226.7966124764,7696.528,8172.7916824197,7016.6111165217,34.5795937996,36.5472397913,37.7922951985,34.1460869565,11.9659765595,11.9320086261,10.3358720605,11.5932794435,19.291054518,19.3867823304,20.3837293006,16.5185110261,12.7736057467,13.0164883478,14.3086950473,13.0192200348,3146.1907599244,4111.4620382609,4080.9027750473,3238.4148869565,7639.1625739131,7053.2157217391,8393.1081739131,7010.8745739131,36.946066087,31.4826921739,38.5577613913,31.8104946087,11.9511304348,10.9540646957,10.2848013913,8.3043283478,16.7179241739,18.1793766957,23.437874087,15.9530518261,14.3413565217,14.6145252174,16.5813398261,12.251616,3374.9992347826,3609.9243130435,3939.0925913044,3407.7794782609,38.7364901718,9.7978886785,1.9972090725,16.9184040335,41.0084813257,9.640491177,4.717816957,20.1943249223,39.3818159343,8.8771483388,9.6070005476,17.7448891817,41.8305427071,9.1872015303,14.6388023805,21.9444759843,38.1236639368,9.9625030366,1.5779980494,18.1026966529,43.6973112061,10.0799091755,4.8083301395,21.9382504892,35.4123247019,10.8629536702,7.9660864627,14.5777091469,38.567989498,9.0398016985,9.5989560435,19.0424188057,12.236839849,152.4255697821,,,,
2022-02-24,BASK,UNI,24,25,69.0833333333,70.56,105.3458333333,108.516,115.6375,106.788,0.50425,0.53772,0.5444166667,0.5238,0.1755833333,0.1784,0.1495416667,0.20048,0.2645,0.27664,0.2857916667,0.27308,0.1697083333,0.16512,0.1754166667,0.21988,49.6083333333,54.304,59.9625,52.912,102.98,104.52,116.64,115.84,0.509,0.4988,0.587,0.5724,0.1666,0.1854,0.17,0.1934,0.2194,0.349,0.1854,0.257,0.1762,0.1466,0.2494,0.265,48.0,47.12,60.04,60.86,0.545664551,0.1420178945,0.0263450921,0.2357755217,0.5958738699,0.1255793749,0.0493545665,0.2377614083,0.5458443084,0.1303867885,0.1161171953,0.2149719481,0.6163525081,0.1272905785,0.2110760825,0.2578256653,0.5908430181,0.1642243938,0.0183154345,0.2158156692,0.5812020057,0.129937857,0.0858217608,0.315995806,0.5479206858,0.1800582498,0.1330404605,0.2555501069,0.5941310615,0.1620890554,0.2101334822,0.3229184824,-1.0,1.909,1.98,154.0,1.892,1.98,7355.4216597222,7576.76798,8074.0029791667,7456.11614,35.2075754167,37.5445066,38.0120790278,36.572589,12.2595209722,12.4561853333,10.4412484028,13.9978477333,18.4678308333,19.3154658667,19.9544504861,19.0669007333,11.8493186806,11.5289536,12.2478840278,15.3523880667,3463.7365138889,3791.5957866667,4186.6816875,3694.4040266667,7190.2352333333,7297.7606,8143.9992,8088.1418666667,35.5392283333,34.8270473333,40.9853183333,39.965922,11.6322896667,12.944937,11.8696833333,13.5035103333,15.3188736667,24.3677616667,12.944937,17.9441683333,12.3025776667,10.2358563333,17.4135236667,18.5027416667,3351.44,3289.9969333333,4192.0928666667,4249.3466333333,38.0992083942,9.9159260882,1.8394582381,16.4622398851,41.6049067216,8.7681612564,3.446018091,16.6008977936,38.1117593512,9.103822884,8.1074961072,15.0096997024,43.0347593705,8.8876403432,14.737683875,18.0018176579,41.2536442645,11.466420883,1.2788141604,15.0686097163,40.5804927075,9.0724777389,5.992218376,22.0633538313,38.2567354833,12.5719670988,9.2891066879,17.8429343787,41.4832209352,11.3173279972,14.6718699509,22.5467066352,4.3430696396,157.0002588385,,,,
2022-02-24,OLY,MIL,23,24,69.8260869565,67.2083333333,114.1608695652,109.9416666667,106.3304347826,104.5375,0.552826087,0.5275,0.4973913043,0.5019583333,0.1621304348,0.162125,0.1611304348,0.1842916667,0.2344347826,0.2618333333,0.2760434783,0.251875,0.2190869565,0.1934583333,0.186,0.2099166667,58.5260869565,51.8625,51.4565217391,45.9,104.0,105.1,108.48,100.5,0.5166,0.518,0.5232,0.4844,0.1816,0.1914,0.144,0.1676,0.185,0.2956,0.219,0.1802,0.23,0.1628,0.1662,0.1988,47.88,48.5,59.3,46.58,0.5916513213,0.1533273342,0.0257525326,0.3455216065,0.6382860129,0.1344894821,0.0604858581,0.3218621053,0.5047487989,0.146928706,0.1235054839,0.2144337666,0.5822706984,0.1280229105,0.1729807648,0.2608586711,0.5538211205,0.138509892,0.0144965638,0.2840633845,0.5914512188,0.1372892408,0.0687762343,0.3450129309,0.5133209046,0.1503417162,0.1471394008,0.2533371663,0.5986599302,0.1786315804,0.1579542282,0.3272442992,-3.0,1.943,1.943,149.0,1.99,1.884,7821.9842903277,7532.8962786836,7285.4647448015,7162.6178555254,37.8781011736,36.1428283514,34.0798645243,34.392784609,11.1087250709,11.1083526947,11.0402078607,12.627150853,16.0628172653,17.9400895229,18.9137290091,17.2577723053,15.01122704,13.2552252793,12.744201087,14.3829043629,4010.0441989603,3553.4738111413,3525.657313327,3144.9399456522,7125.7898550725,7201.1587862319,7432.7469565217,6885.9796195652,35.3959907609,35.4919148551,35.8482043478,33.1897365942,12.4427253623,13.1141940217,9.8664782609,11.4834844203,12.6756838768,20.2536873188,15.0052690217,12.3468012681,15.7589583333,11.1546018116,11.3875603261,13.6212213768,3280.6040217391,3323.084692029,4063.0705615942,3191.5316485507,40.5382979134,10.5055611791,1.7644916848,23.6741765193,43.7335768791,9.21484411,4.1443222502,22.0530935099,34.5839795279,10.0671450253,8.4622511913,14.6924034491,39.8955638011,8.7717726601,11.8521594101,17.8733083874,37.9462780957,9.4903113789,0.9932641099,19.4632306127,40.5245874511,9.4066757593,4.7123557005,23.6393234884,35.1713162909,10.3009949612,10.0815812456,17.3579558576,41.0185082422,12.2393375334,10.8225830491,22.421866419,-4.9404732986,144.4068422551,,,,
2022-02-24,LYV,BER,25,24,69.0,69.0416666667,105.568,108.4666666667,115.528,115.175,0.52552,0.5229166667,0.55604,0.5496666667,0.18192,0.18725,0.1756,0.1685833333,0.28068,0.3119166667,0.2864,0.2845,0.17976,0.2020416667,0.19996,0.1738333333,47.036,53.3666666667,55.576,57.2791666667,100.98,106.62,115.5,105.88,0.5126,0.5436,0.598,0.4818,0.1784,0.2292,0.1796,0.1412,0.2666,0.2736,0.1858,0.3218,0.1586,0.237,0.1612,0.1534,47.16,50.94,59.36,48.78,0.5474935163,0.1515410391,0.0333735754,0.2701707961,0.562973487,0.1459824058,0.0602036602,0.3069412978,0.5649666722,0.1589201842,0.1378764216,0.2488058187,0.6309526372,0.1299842047,0.2054456424,0.3128838511,0.5406476532,0.1753934541,0.0205520266,0.2187993464,0.5957806505,0.1648900511,0.0731204427,0.3946532723,0.5662386607,0.1345754282,0.1138369398,0.186597772,0.6059250412,0.164577322,0.2135659836,0.3016293449,-3.0,2.0,1.892,157.0,2.02,1.854,7286.3913333333,7486.4597222222,7973.8388333333,7949.4744791667,36.2718283333,36.0921440972,38.3783441667,37.9384513889,12.55627,12.9241510417,12.1200583333,11.6357621528,19.3727675,21.5287482639,19.7675666667,19.6364270833,12.407185,13.9450842014,13.8014058333,11.9981215278,3246.4639166667,3683.4118055556,3835.9018333333,3953.4558159722,6969.72375,7359.00125,7971.90625,7307.9258333333,35.3800791667,37.519725,41.2744583333,33.2542375,12.3133166667,15.819575,12.3961416667,9.7457416667,18.4009541667,18.8841,12.8240708333,22.2109041667,10.9467041667,16.3579375,11.1261583333,10.5877958333,3255.0225,3515.92125,4097.0766666667,3366.83625,37.7884587396,10.4594888039,2.3034719825,18.647413492,38.8568992174,10.0758272999,4.1553068,21.1853441596,38.9944705216,10.9688035456,9.516345518,17.172784948,43.5488768118,8.9716181253,14.1800294417,21.5955041407,37.3159515657,12.1058023627,1.4185179998,15.1017132244,41.1212769805,11.3808487336,5.0468338883,27.2392977346,39.0822642292,9.2885081978,7.8571204506,12.8791337232,41.8214512833,11.3592639133,14.7405021564,20.8187087456,-1.274451462,156.7924200355,,,,
2022-02-24,ZEN,FCB,23,25,67.3043478261,69.76,109.9434782609,118.712,109.152173913,107.192,0.5318695652,0.57032,0.531,0.49036,0.1823478261,0.1858,0.1612608696,0.15488,0.2914782609,0.26996,0.2463478261,0.3194,0.206,0.25204,0.2206956522,0.24628,50.0782608696,59.068,50.847826087,46.552,107.0,111.5,113.62,95.72,0.51,0.565,0.5664,0.4584,0.1548,0.183,0.1694,0.1734,0.2388,0.204,0.2286,0.2364,0.2354,0.195,0.1994,0.2364,50.28,53.82,57.66,40.46,0.5670099802,0.1418893327,0.0307877751,0.297593508,0.617447415,0.1544653535,0.0583040389,0.3423019443,0.5516330478,0.1467774612,0.0975047924,0.2521058907,0.5759223956,0.1390257071,0.1739971027,0.3921309163,0.6162524569,0.1608828469,0.0283501954,0.302919576,0.5896360722,0.1563255576,0.0569908486,0.3500481389,0.5129034693,0.1442774312,0.1255553217,0.340668244,0.576427637,0.1185785641,0.192801937,0.3187524441,2.0,1.98,1.862,149.5,1.9,1.917,7534.6655727788,8135.5914295652,7480.4357655955,7346.100786087,36.4501775425,39.0852694261,36.3905843478,33.6054368,12.4966929301,12.733277913,11.0515579584,10.6142630957,19.9756388658,18.5009456696,16.8827520605,21.8891763478,14.1176278261,17.272849113,15.1247528166,16.8781037913,3431.9720831758,4048.0584486957,3484.7120604915,3190.30976,7332.9426086957,7641.3373913044,7786.6256,6559.8996869565,34.9514086957,38.7206782609,38.8166233043,31.4151485217,10.6087805217,12.5413878261,11.6093502609,11.8834789565,16.3654831304,13.9805634783,15.6664549565,16.201005913,16.1324737391,13.363773913,13.6653154783,16.201005913,3445.7977043478,3688.4016,3951.5651478261,2772.8117565217,38.8584265701,9.7239844256,2.1099531565,20.3947300428,42.3150136303,10.5858464711,3.9957025357,23.4586963768,37.8046119675,10.0589784968,6.6822153916,17.2773647468,39.4692137779,9.5277339354,11.924399705,26.8735841512,42.2331205495,11.0256512402,1.9429005221,20.7597370671,40.4090418462,10.713330299,3.9057067511,23.9895599323,35.1503897574,9.8876460043,8.6045791399,23.3467353471,39.5038390657,8.1264467795,13.2131358789,21.8447979341,1.2988841693,149.8992352066,,,,
2022-02-24,PAN,ZVE,23,23,69.2608695652,66.9565217391,105.8565217391,108.3826086957,115.0869565217,110.8391304348,0.5096521739,0.5172173913,0.5345217391,0.5438695652,0.1772608696,0.1832608696,0.1482173913,0.1898695652,0.2607391304,0.302,0.2902608696,0.293173913,0.2039565217,0.2050434783,0.1737826087,0.1707391304,47.8434782609,48.1608695652,59.4434782609,53.0434782609,109.08,104.72,111.66,107.16,0.5414,0.5256,0.529,0.5842,0.1792,0.1964,0.131,0.2186,0.2296,0.2648,0.2868,0.2374,0.162,0.2098,0.1212,0.1328,52.22,49.72,57.12,49.72,0.5679721422,0.1804438082,0.0219005483,0.292926234,0.6136934987,0.1371310925,0.060922859,0.2690918735,0.5779090178,0.1295633707,0.1606806912,0.2049270962,0.542081516,0.1183312912,0.1967709207,0.2712145552,0.5629923638,0.1264258202,0.0301892516,0.2303749783,0.5805498431,0.1771811642,0.0581372873,0.3722544438,0.5642694956,0.1775343151,0.1469829482,0.1976690433,0.5852617895,0.1424943385,0.2095431561,0.2808242245,2.5,2.01,1.877,149.0,1.862,1.961,7209.7496219282,7381.7981096408,7838.4224952741,7549.1086011342,34.7117448015,35.2270018904,36.4055784499,37.0422466919,12.0730066163,12.4816587902,10.0948931947,12.931768431,17.7586020794,20.568826087,19.769289225,19.9676928166,13.8912126654,13.9652438563,11.8361068053,11.6288194707,3258.556899811,3280.1740075614,4048.6177693762,3612.7221172023,7429.2965217391,7132.3426086957,7605.0169565217,7298.527826087,36.8740478261,35.7979304348,36.0295,39.7891,12.2050782609,13.3765478261,8.9222391304,14.8885608696,15.6377565217,18.0351826087,19.533573913,16.1690043478,11.0336086957,14.2892043478,8.254773913,9.0448347826,3556.6360869565,3386.3643478261,3890.3686956522,3386.3643478261,38.6838417703,12.2897924172,1.491617779,19.9508237207,41.7978637275,9.3398198412,4.1493764597,18.3274965128,39.3606294105,8.8243921839,10.9437522958,13.9573172282,36.9204649927,8.0593898995,13.4018107491,18.4720695955,38.3446755588,8.6106977127,2.0561505475,15.6905392852,39.5404925762,12.0675779909,3.9596548098,25.3537646195,38.4316593392,12.0916306382,10.0108168826,13.4629807125,39.8614170974,9.7051035306,14.2717110417,19.1265716375,-4.0149843854,158.0454229176,2.5,737.0,,
2022-02-24,ASM,FEN,26,22,72.1538461538,68.6363636364,115.5307692308,110.9545454545,114.0,105.5454545455,0.5448461538,0.5505909091,0.5521923077,0.5134545455,0.1468076923,0.1913636364,0.1823846154,0.2040909091,0.2913076923,0.2690454545,0.2931538462,0.3152727273,0.2091153846,0.2042727273,0.2275384615,0.1983636364,57.1576923077,57.2454545455,57.6115384615,48.2318181818,121.76,112.76,117.12,96.7,0.555,0.5504,0.5648,0.4856,0.155,0.1816,0.2194,0.2088,0.3792,0.2654,0.3558,0.261,0.2298,0.1926,0.2254,0.1984,57.72,59.82,56.9,41.42,0.5711527665,0.127779792,0.0317100727,0.3291563022,0.6127236965,0.1357921963,0.0575687243,0.293319923,0.5554290416,0.1677547914,0.1517797211,0.2633993961,0.6501674802,0.1451086481,0.2003419742,0.3623946294,0.6078626039,0.1624493115,0.0355793419,0.3134188709,0.5997867302,0.13627835,0.0703947972,0.2975629026,0.5391114901,0.1723335832,0.1424511343,0.2501357411,0.5773410597,0.1681824079,0.1932939612,0.2264025686,-4.5,1.97,1.862,155.5,1.869,1.952,8132.8006186122,7810.6568658614,8025.041958042,7429.8833439288,38.3545021517,38.7589047997,38.8716354223,36.1446865861,10.3345428994,13.4710632549,12.8389841313,14.3670009536,20.5066355568,18.9394829943,20.6365957504,22.1936567069,14.7206994352,14.3798000636,16.0175938677,13.9638289892,4023.6217455621,4029.7997774952,4055.5702931684,3395.2839001907,8571.307972028,7937.752027972,8244.6746853147,6807.2066433567,39.0692832168,38.7454657343,39.7591552448,34.1838629371,10.9112412587,12.783751049,15.444686014,14.6984979021,26.6938237762,18.6828608392,25.0465783217,18.3731223776,16.1767951049,13.5580972028,15.8670566434,13.9663888112,4063.2054545455,4211.0351748252,4005.4814685315,2915.7652447553,40.2063589064,8.9950718633,2.2322338919,23.1709924232,43.1327488845,9.5591059048,4.0525563837,20.6482867444,39.0994856463,11.809116134,10.6845493912,18.542028115,45.7686079667,10.2149385015,14.1030942885,25.5108079511,42.7905517621,11.4356363239,2.5046115054,22.0631542913,42.2220497877,9.5933287404,4.955449131,20.9469717409,37.9508098926,12.1314406641,10.0278625398,17.6083317345,40.6419844601,11.8392182454,13.6069486737,15.9376325679,1.8597425091,160.6803908804,,,,
2022-02-25,NCM,TRA,18,18,72.6111111111,73.5555555556,106.1611111111,97.9722222222,105.8444444444,106.55,0.5074444444,0.4665555556,0.5101666667,0.5378888889,0.1727222222,0.1666666667,0.1586666667,0.1993888889,0.2639444444,0.2863888889,0.2668888889,0.2179444444,0.1844444444,0.2133888889,0.1747777778,0.2161666667,53.7833333333,42.2277777778,51.4666666667,55.2444444444,103.72,93.66,109.66,104.32,0.484,0.4398,0.515,0.5018,0.1602,0.1622,0.1592,0.1784,0.2944,0.275,0.249,0.1912,0.1782,0.228,0.201,0.2438,52.26,35.9,57.42,54.68,0.5392306119,0.1526374336,0.0245426318,0.2043407787,0.6120675201,0.1332008141,0.0467587963,0.2306123841,0.5338563627,0.1464711779,0.1292029147,0.2203370655,0.5460260259,0.129612221,0.1663068229,0.2891723235,0.4821670869,0.1593988943,0.019633494,0.2740956659,0.5261649449,0.1491029101,0.0308494502,0.5479505823,0.5484722085,0.1791635128,0.1093281721,0.2735907783,0.6188229821,0.1750265595,0.1934540853,0.3619617977,-7.5,1.833,1.909,153.0,1.925,1.813,7758.6078703704,7160.1365740741,7735.4648148148,7787.0291666667,37.0857314815,34.0974351852,37.2846805556,39.310712963,12.6231157407,12.1805555556,11.5958888889,14.5720046296,19.2899398148,20.9302546296,19.5051296296,15.9281064815,13.4798148148,15.5951712963,12.7733425926,15.7981805556,3930.6652777778,3086.1467592593,3761.3555555556,4037.4481481482,7580.2033333333,6844.985,8014.3183333333,7624.0533333333,35.3723333333,32.14205,37.6379166667,36.6732166667,11.70795,11.8541166667,11.6348666667,13.0380666667,21.5157333333,20.0979166667,18.19775,13.9735333333,13.02345,16.663,14.68975,17.8177166667,3819.335,2623.6916666667,4196.445,3996.1966666667,39.4087705514,11.15525244,1.7936573373,14.9339052416,44.7319345954,9.7347594997,3.417288698,16.853921741,39.0160025093,10.7046019163,9.4425796815,16.1029672026,39.9054020587,9.4724931486,12.1542569729,21.1336773126,35.2383779323,11.6494025234,1.4348811901,20.0318249134,38.4538880579,10.8969376781,2.2545806509,40.046055058,40.0841772359,13.0938667304,7.9900672458,19.9949260487,45.2256462773,12.7915243877,14.1382694016,26.4533747187,-13.8938368437,157.3707011042,-7.5,105.0,,
2022-02-25,CAGL,UDIN,19,19,76.2631578947,70.1052631579,107.7894736842,114.7368421053,102.2736842105,96.4052631579,0.5428421053,0.5732105263,0.5043157895,0.4688947368,0.2026315789,0.1928421053,0.1807894737,0.1835789474,0.2326315789,0.2450526316,0.2879473684,0.3005789474,0.2521578947,0.2294210526,0.1811578947,0.1893157895,57.4,61.9210526316,51.1421052632,38.5315789474,122.8,111.42,103.74,95.76,0.6458,0.5654,0.5138,0.4608,0.2022,0.205,0.1896,0.1984,0.2376,0.2358,0.3158,0.2962,0.2542,0.223,0.1752,0.2258,75.34,62.32,51.02,41.26,0.5811268509,0.1606943675,0.0247692478,0.247772717,0.5990368342,0.1846024845,0.052150561,0.4882890724,0.5174343894,0.1663409787,0.1321554127,0.2375317139,0.553387957,0.1448922725,0.1638443773,0.3325194724,0.5718756475,0.1644701548,0.0181531454,0.2836660637,0.6195890235,0.1602141379,0.0621884526,0.3258131858,0.4959696279,0.1722016478,0.1207157822,0.2573416633,0.4986521412,0.1465743107,0.136948346,0.3722828479,2.0,1.892,1.847,151.0,1.877,1.862,7888.487534626,8396.9252077562,7484.8188365651,7055.3430747923,39.7274709141,41.9499598338,36.9079529086,34.3156911357,14.829432133,14.1129972299,13.230934903,13.4350803324,17.0249584488,17.9339833795,21.073200831,21.997632964,18.4539764543,16.789998615,13.2578975069,13.8549265928,4200.7736842105,4531.6433518006,3742.794598338,2819.9031855956,8987.0210526316,8154.1847368421,7592.13,7008.12,47.2623631579,41.3783526316,37.6020473684,33.7232842105,14.7978473684,15.0027631579,13.8757263158,14.5197473684,17.3885684211,17.2568368421,23.1115736842,21.6771631579,18.6034263158,16.3200789474,12.8218736842,16.5249947368,5513.6984210526,4560.84,3733.8584210526,3019.5805263158,42.5293097957,11.7602904202,1.8127178446,18.1330506838,43.8400377863,13.5099870924,3.816597637,35.7350502753,37.8680272891,12.1735332042,9.6716895489,17.3835709583,40.4992607461,10.603826572,11.9908214003,24.335175071,41.8522677826,12.0366184354,1.3285236149,20.7598769277,45.344133538,11.7251451975,4.5512128066,23.8443807809,36.2971456655,12.6024416456,8.8344892193,18.8333464615,36.4934632833,10.7269252142,10.0224565845,27.2452263173,-0.9096091548,155.7947822308,,,,
2022-02-25,SCAF,PROG,19,19,72.3157894737,73.8947368421,114.5263157895,98.1,97.0789473684,104.5526315789,0.5289473684,0.4866315789,0.4798421053,0.4984210526,0.1781578947,0.1767894737,0.2116315789,0.1781052632,0.2836842105,0.2363684211,0.256,0.2768947368,0.2991578947,0.2017368421,0.2483684211,0.2015789474,58.9947368421,46.1368421053,38.3263157895,51.6684210526,119.5,96.74,93.86,107.48,0.5518,0.4728,0.433,0.4952,0.218,0.2028,0.2058,0.161,0.2962,0.2764,0.328,0.269,0.3682,0.2088,0.2924,0.2094,63.32,45.1,37.12,50.4,0.555947561,0.1457323006,0.0309358633,0.3458336542,0.6013356633,0.1900820416,0.0611017146,0.4171039547,0.5065602267,0.1847409976,0.1171038341,0.3224713146,0.5689268586,0.1832893325,0.1551184771,0.3221179021,0.5064166239,0.171551236,0.0125608557,0.248130181,0.5525920831,0.1401950407,0.056148443,0.3521000614,0.5388192152,0.1460189002,0.1569987784,0.2659831959,0.5339136965,0.1616055168,0.176903302,0.3786437912,-19.0,1.892,1.835,153.5,1.8,1.943,8372.4764542936,7171.6263157895,7096.9819944598,7643.3476454294,38.6688365651,35.5753296399,35.0789833795,36.4372022161,13.0242797784,12.9242409972,15.4713822715,13.020432133,20.7388088643,17.2797756233,18.7149473684,20.2424626039,21.8700166205,14.7480249307,18.1570387812,14.7364819945,4312.8257617729,3372.8459833795,2801.8554016621,3777.2335180055,8736.0789473684,7072.2031578947,6861.66,7857.3536842105,40.3394842105,34.5641684211,31.6545789474,36.2017263158,15.9369473684,14.8257473684,15.0450631579,11.7699473684,21.6537789474,20.2062947368,23.9785263158,19.6653157895,26.9173578947,15.2643789474,21.3759789474,15.3082421053,4629.0252631579,3297.0473684211,2713.6673684211,3684.5052631579,40.6426927519,10.6537981852,2.2615744312,25.2822602997,43.9608019085,13.8959976708,4.4668569271,30.4924943754,37.0322186815,13.5055392472,8.5609066093,23.5743503117,41.5915477156,13.399414885,11.3399770917,23.5485140012,37.0217205581,12.5412982532,0.9182646589,18.1396221818,40.3973896514,10.2489953416,4.1047466993,25.7403676462,39.3905205203,10.6747501261,11.4774370071,19.4447715326,39.0319012877,11.8142138336,12.9325624487,27.6808539958,-14.1967533938,153.8062873255,19.0,211.0,,
2022-02-25,RAV,JANUS,18,19,71.0,74.6315789474,109.6277777778,98.3736842105,101.4555555556,114.7578947368,0.4981666667,0.4943157895,0.4784444444,0.5275263158,0.1533888889,0.2101578947,0.1766666667,0.1496842105,0.2857777778,0.2538421053,0.2792777778,0.3006842105,0.2326111111,0.2351052632,0.2022777778,0.2113684211,52.4722222222,38.0,44.5555555556,62.3789473684,108.2,102.96,103.06,118.7,0.492,0.5246,0.476,0.5418,0.1666,0.216,0.1794,0.1492,0.3178,0.2734,0.3106,0.3482,0.206,0.2402,0.1816,0.1874,53.48,41.54,46.94,63.74,0.5302715058,0.1386354732,0.0296681442,0.3301703927,0.5168296459,0.1316206423,0.0596661184,0.2288712435,0.5118885238,0.1495740141,0.1417494302,0.2900058499,0.5301670898,0.1610808216,0.1679770192,0.2711856468,0.537344519,0.1785930006,0.0164102216,0.2785274895,0.5843490852,0.201820625,0.056497807,0.4649056539,0.5742859669,0.1356997292,0.1581930122,0.2568664283,0.5365660642,0.1101251244,0.210730095,0.3543974527,-16.0,1.8,1.909,157.0,1.854,1.884,7982.6331871345,7163.1574792244,7387.566374269,8356.1867036011,36.2743991228,35.9939944598,34.8383099415,38.4122451524,11.1691330409,15.3028130194,12.864122807,10.8993739612,20.8091345029,18.4837132964,20.3358318713,21.8945581717,16.9377616959,17.1193753463,14.7290160819,15.3909584488,3820.8062865497,2767.0,3244.3479532164,4542.172299169,7878.6684210526,7497.1136842105,7504.3952631579,8643.2342105263,35.8253684211,38.1991631579,34.6603157895,39.4515947368,12.1311105263,15.7282105263,13.0631526316,10.8641157895,23.1408578947,19.9078368421,22.6165842105,25.3544578947,15.0000526316,17.4903526316,13.2233473684,13.6456789474,3894.1884210526,3024.7678947369,3417.9731578947,4641.2784210526,38.6121383315,10.0948514282,2.1603093405,24.0416178039,37.6333586895,9.5840609812,4.3446355195,16.6654402832,37.2735669856,10.8913499203,10.3215966694,21.1170049131,38.6045351976,11.729227192,12.2313792676,19.7465969688,39.1271653735,13.0043903329,1.1949232393,20.2811990379,42.5498399655,14.6957281391,4.1139324227,33.852472222,41.8170860664,9.8810829125,11.51894907,18.7039317677,39.0704815731,8.0188478734,15.3444782307,25.8057303076,-10.2396033906,160.6227598456,16.0,301.0,,
2022-02-25,CENT,EURO,19,19,68.9473684211,73.1578947368,99.1578947368,100.7526315789,100.1263157895,102.2578947368,0.4857368421,0.4696315789,0.4585789474,0.4855789474,0.1952631579,0.1727368421,0.1434210526,0.1802631579,0.2308947368,0.2855789474,0.2518947368,0.2522105263,0.2222105263,0.2144210526,0.1917368421,0.2407894737,44.6105263158,44.4263157895,43.5052631579,46.3526315789,97.12,106.28,88.94,104.74,0.4704,0.4734,0.3704,0.4964,0.2032,0.1372,0.1182,0.179,0.201,0.3514,0.3024,0.2296,0.2786,0.2044,0.1598,0.265,44.32,53.6,33.76,47.1,0.5260540485,0.1813489019,0.0205735988,0.2133999452,0.5988745411,0.1726672297,0.053094428,0.5113555088,0.4910728329,0.1312348124,0.1295511042,0.2657823067,0.5047939086,0.1160162379,0.1369754547,0.277468026,0.5295400542,0.1577103897,0.0268908157,0.2922812143,0.5247231739,0.0953088603,0.0629602117,0.4189715975,0.5044044098,0.1572377112,0.1352191602,0.2877447314,0.5728631683,0.1510005508,0.1698105245,0.370632463,-5.0,1.884,1.847,143.5,1.869,1.869,7045.4293628809,7158.7396121884,7114.2382271468,7265.6925207756,34.5128808864,33.3685595568,32.5832409972,34.5016620499,13.8739612188,12.2734072022,10.1904432133,12.8081717452,16.4056786704,20.2911357341,17.8977839335,17.9202216066,15.7886426593,15.2351800554,13.6234072022,17.1087257618,3169.6952908587,3156.6066481995,3091.1634349031,3293.4764542936,6900.6315789474,7551.4736842105,6319.4210526316,7442.052631579,33.4231578947,33.6363157895,26.3178947368,35.2705263158,14.4378947368,9.7484210526,8.3984210526,12.7184210526,14.2815789474,24.9678947368,21.4863157895,16.3136842105,19.7952631579,14.5231578947,11.3542105263,18.8289473684,3149.052631579,3808.4210526316,2398.7368421053,3346.5789473684,37.3775244999,12.8853167106,1.4618083373,15.1626276878,42.5516121331,12.2684610596,3.7724988315,36.3331545734,34.8920170773,9.3245787734,9.2049468781,18.8845323184,35.8669356098,8.2432590084,9.7324665162,19.7148334243,37.6252143742,11.2057382179,1.9106632186,20.7673494371,37.2829623549,6.7719453355,4.4734887251,29.7690345573,35.8392606986,11.1721531664,9.607677174,20.4450203903,40.7034356404,10.7289865016,12.0654846337,26.3344118425,-5.6914750239,146.6713099177,,,,
2022-02-25,PIAC,TREV,19,19,73.0,73.5263157895,105.8789473684,109.0052631579,114.1578947368,102.9210526316,0.5197894737,0.5191052632,0.5552631579,0.4855789474,0.1921052632,0.1663157895,0.1418421053,0.1829473684,0.2663684211,0.2637894737,0.2443157895,0.2727894737,0.2443684211,0.2078421053,0.2256842105,0.2565263158,50.1210526316,56.2368421053,57.7473684211,49.8631578947,101.18,93.3,114.0,99.78,0.5264,0.4396,0.5712,0.4714,0.2132,0.2004,0.1758,0.178,0.2734,0.2694,0.2234,0.269,0.2028,0.219,0.2722,0.2058,45.84,40.66,57.36,51.76,0.5354547165,0.1702971058,0.0317078195,0.2955887139,0.5930498384,0.1479891758,0.0712338119,0.4541968002,0.5483328931,0.1219605808,0.1000134881,0.2795922424,0.6259549676,0.1375398606,0.1478506219,0.4192306735,0.5268179934,0.1435089759,0.0262233899,0.2460466104,0.5941886326,0.1588644112,0.0532510776,0.4138784833,0.5151879336,0.1669538515,0.1460600164,0.3305458524,0.555125898,0.1424939056,0.1840441292,0.4083846017,3.5,1.89,1.833,157.0,1.787,1.961,7757.0260387812,7986.0698060942,8363.567867036,7540.3213296399,38.0814182825,38.0312908587,40.68033241,35.5750470914,14.0742382271,12.1848199446,10.391800554,13.4033019391,19.5149916898,19.3260498615,17.8993462604,19.9854182825,17.9032022161,15.2271689751,16.5343379501,18.7939279778,3672.0265927978,4120.0886426593,4230.7545706371,3653.1324099723,7412.7663157895,6835.452631579,8352.0,7310.1978947369,38.5657263158,32.2064842105,41.8479157895,34.5362526316,15.6197052632,14.6819368421,12.8796631579,13.0408421053,20.0301473684,19.7370947368,16.3669894737,19.7077894737,14.8577684211,16.0446315789,19.9422315789,15.0775578947,3358.3831578947,2978.88,4202.3747368421,3792.1010526316,39.2291034384,12.4765037498,2.3230149887,21.6557626174,43.4487039533,10.8421543522,5.2188140076,33.2758918886,40.1725993239,8.9352172895,7.3273039739,20.4838106005,45.8594376286,10.0766045252,10.8320034587,30.7141630256,38.5963498307,10.5139207636,1.9212083582,18.0261516688,43.532135607,11.638908445,3.9013421081,30.3220446704,37.7442949227,12.2315663866,10.7008180465,24.2168329758,40.6702763196,10.4395535066,13.4836540955,29.9195455538,-2.3982943511,157.6052191245,3.5,198.0,,
2022-02-26,VER,CHIU,19,19,72.63157894736842,73.0,102.6684210526316,104.10526315789474,94.63684210526316,101.22105263157896,0.5139473684210526,0.505842105263158,0.455,0.5093684210526316,0.2205263157894736,0.1792631578947368,0.1982631578947368,0.2082631578947368,0.2632105263157895,0.2558947368421052,0.2725263157894736,0.2606315789473684,0.2455263157894737,0.1955263157894737,0.2260526315789473,0.2078947368421052,51.752631578947366,51.00526315789473,37.07368421052632,46.56842105263158,106.06,111.04,97.1,101.8,0.53,0.5237999999999999,0.4532,0.5122000000000001,0.245,0.1639999999999999,0.1858,0.2328,0.2954,0.2638,0.294,0.2848,0.2864,0.2434,0.279,0.2528,48.74,52.7,39.46,44.22,0.5627792957626455,0.183228556260242,0.0224308786951052,0.2945717406106977,0.5440406781589516,0.1682421658722155,0.0588638324613386,0.3902406300310729,0.4865749419438631,0.1800694155244352,0.1207162688156062,0.2588886880325243,0.5351720351277963,0.1627156579941592,0.1389251045562892,0.3922919921454846,0.5329717966764282,0.1580026100628569,0.0208651840002684,0.2301494154180412,0.5458143720170074,0.1664268741020159,0.0752274026441486,0.2684841313477057,0.5308790517399788,0.1727855862085202,0.1247240899825133,0.2736063771894501,0.5615190939314401,0.212149038044765,0.1805338706333964,0.3591517263710869,-10.0,1.925,1.819,148.5,1.877,1.862,7475.88213296399,7580.506925207757,6891.056371191137,7370.490858725763,37.42348337950138,36.833292243767325,33.13118421052633,37.09006371191136,16.057797783933516,13.05318836565097,14.436688365650973,15.164846260387812,19.16588227146815,18.63317728531856,19.844218836565098,18.978094182825483,17.878192520775627,14.237403047091414,16.46020083102493,15.13801939058172,3768.408725761773,3713.9885041551247,2699.5495844875354,3390.9163434903053,7722.8426315789475,8085.465263157896,7070.413157894737,7412.647368421053,38.59236842105264,38.14091052631579,33.00011578947369,37.29624736842106,17.839868421052635,11.94178947368421,13.529173684210528,16.95151578947369,21.50978421052632,19.20880526315789,21.40784210526316,20.737936842105267,20.85444210526316,17.723363157894738,20.3156052631579,18.407831578947373,3549.0415789473686,3837.392105263159,2873.311052631579,3219.9142105263163,40.979218720401065,13.341931978212887,1.6333221407725342,21.449473849205283,39.61475148594261,12.250686130747908,4.286216432119051,28.415679560420497,35.43033853575446,13.111896651476638,8.790050416125855,18.851184204894604,38.968974242068754,11.848269096574704,10.11594116598033,28.5650511122778,38.80876214220203,11.50508479062961,1.519314845493232,16.758511380571587,39.74390440450157,12.11850422737574,5.477742713588407,19.549883985239525,38.65637726748741,12.581518869446723,9.08188307846354,19.92286436008444,40.887456129165656,15.447799691312232,13.145716316910738,26.151916496547308,-7.498594393362775,147.63198072443507,,,,
2022-02-26,ZVE,FEN,23,22,66.95652173913044,68.63636363636364,108.38260869565218,110.95454545454544,110.8391304347826,105.54545454545456,0.5172173913043477,0.550590909090909,0.5438695652173914,0.5134545454545454,0.1832608695652173,0.1913636363636363,0.1898695652173913,0.2040909090909091,0.302,0.2690454545454546,0.2931739130434783,0.3152727272727273,0.2050434782608695,0.2042727272727272,0.1707391304347826,0.1983636363636363,48.1608695652174,57.24545454545455,53.04347826086956,48.23181818181819,104.72,112.76000000000002,107.16,96.7,0.5256000000000001,0.5504,0.5842,0.4856,0.1964,0.1816,0.2186,0.2088,0.2648,0.2653999999999999,0.2373999999999999,0.261,0.2098,0.1926,0.1328,0.1984,49.72,59.82000000000001,49.72,41.42,0.5629923637737224,0.1264258202311989,0.0301892515756331,0.2303749783333971,0.580549843123388,0.1771811642458053,0.0581372873443147,0.3722544438234872,0.5642694955648381,0.1775343151474398,0.1469829481647102,0.1976690433368984,0.5852617894928942,0.1424943384644813,0.2095431560536085,0.2808242244899067,0.6078626038821385,0.1624493115104251,0.0355793419035993,0.3134188708749184,0.5997867302076024,0.1362783499604946,0.0703947971716592,0.2975629025930323,0.539111490054839,0.1723335831681983,0.1424511342768281,0.2501357411253269,0.5773410597318619,0.1681824078966012,0.193293961191276,0.2264025686388727,1.0,1.892,1.943,148.0,1.925,1.892,7347.955318783296,7522.323481854114,7514.498754081456,7155.606360043119,35.06549922667124,37.32810501257635,36.87242180787077,34.81039166367229,12.424435040384942,12.973773805246138,12.872481096408318,13.836637621272008,20.474525691699608,18.24032473948976,19.876148393194708,21.37436938555516,13.901218422409348,13.848964247215234,11.575505671077504,13.448348904060364,3265.1356332703217,3881.0381782249374,3596.1591338717985,3269.945697089472,7099.643478260869,7644.726877470356,7265.066798418972,6555.916007905138,35.633810276679846,37.31516205533597,39.60668181818182,32.92195256916996,13.315221343873516,12.31183399209486,14.8203023715415,14.155897233201582,17.952498023715417,17.99317588932806,16.094875494071143,17.694871541501975,14.223693675889326,13.05759486166008,9.003367588932806,13.45081422924901,3370.8391304347824,4055.583201581028,3370.8391304347824,2808.1286561264824,38.1688795242244,8.571220875555884,2.0467238642333925,15.618604015271124,39.3592141666953,12.012252647139034,3.9415012694599167,25.2375270659382,38.25546451650547,12.036195022001822,9.96492102132487,13.401257967731818,39.67866736868327,9.660609251035636,14.2062805699981,19.03888344096097,41.21092218612008,11.0134854374805,2.412152814235127,21.2486845165298,40.66340667939091,9.239187342677406,4.772516831963969,20.17370627164817,36.5498412378088,11.683603894436844,9.65768016080354,16.958313437360356,39.14167006739431,11.402168978049216,13.104642961791944,15.34928876908405,4.4006329318816135,151.5836273021677,,,,
2022-02-28,FCB,AND,17,20,69.17647058823529,72.0,119.0764705882353,110.63000000000002,105.34117647058824,113.105,0.5622941176470588,0.54545,0.490235294117647,0.53005,0.1652941176470588,0.1791,0.1681176470588235,0.1777,0.2830588235294117,0.294,0.320470588235294,0.3147999999999999,0.256235294117647,0.17675,0.2091176470588235,0.2278,58.40588235294118,54.225,43.1764705882353,57.03,121.98,118.4,105.44,114.92,0.5614,0.5928,0.4864,0.5055999999999999,0.1498,0.1735999999999999,0.1588,0.1712,0.2575999999999999,0.2904,0.2632,0.3678,0.3088,0.1662,0.2404,0.2648,64.24,60.28000000000001,43.32,55.32000000000001,0.5831872144377225,0.1551107002329325,0.0334411929027248,0.28436346850089,0.6279308300173064,0.1355662547022347,0.0792245574728681,0.4344946376019598,0.4692825083124192,0.1571772380808437,0.1295383703592243,0.2160998400647166,0.6148031088469574,0.1256798711799517,0.2056037983715327,0.4022381330073316,0.5603452321708559,0.1612680926982679,0.0256044088691422,0.2751610755907737,0.5749317262338015,0.1671948481291425,0.0729814331709305,0.3966021889291434,0.5540634063624494,0.1604935393057798,0.1550764769090691,0.2499689266485876,0.5816060038207196,0.1404997970169594,0.2180470583103499,0.4285864185026083,-13.5,1.892,1.943,159.5,1.934,1.9,8405.397923875433,7809.176470588238,7435.847750865052,7983.882352941177,39.69134948096886,38.50235294117648,34.60484429065744,37.415294117647065,11.667820069204152,12.642352941176473,11.86712802768166,12.543529411764707,19.98062283737024,20.75294117647059,22.62145328719723,22.22117647058823,18.087197231833912,12.476470588235296,14.761245674740485,16.080000000000002,4122.768166089966,3827.6470588235297,3047.7508650519035,4025.647058823529,8610.35294117647,8357.64705882353,7442.823529411766,8112.0,39.62823529411765,41.84470588235294,34.33411764705883,35.68941176470588,10.574117647058824,12.254117647058823,11.209411764705884,12.08470588235294,18.183529411764702,20.49882352941177,18.578823529411764,25.962352941176476,21.79764705882353,11.731764705882354,16.969411764705885,18.69176470588236,4534.588235294118,4255.058823529413,3057.8823529411766,3904.941176470589,41.166156313251,10.94899060467759,2.360554793133519,20.07271542359224,44.32452917769222,9.569382684863632,5.592321703967166,30.67020971307952,33.12582411617077,11.094863864530144,9.143884966533482,15.254106357509412,43.39786650684406,8.871520318584826,14.51320929681408,28.393279976988115,39.55378109441336,11.383630072818914,1.8073700378218085,19.42313474758403,40.583415969444815,11.801989279704182,5.151630576771568,27.99544863029248,39.1103580961729,11.32895571570211,10.946574840640173,17.64486541048854,41.05454144616844,9.917632730608902,15.39155705720117,30.2531589531253,-12.96611566849496,155.13676843771023,,,,
2022-02-28,ZEN,LYV,23,26,67.30434782608695,69.07692307692308,109.94347826086954,105.82307692307693,109.15217391304346,115.50769230769232,0.5318695652173914,0.5248461538461539,0.5309999999999999,0.5577307692307693,0.1823478260869565,0.17869230769230768,0.16126086956521737,0.1774615384615385,0.2914782608695652,0.2806538461538462,0.24634782608695655,0.2852307692307693,0.206,0.18184615384615388,0.220695652173913,0.19869230769230767,50.07826086956521,47.11538461538461,50.84782608695651,55.69230769230769,107.0,102.04,113.62,114.3,0.51,0.5054000000000001,0.5664,0.5764,0.1548,0.1792,0.1694,0.1772,0.23879999999999998,0.27,0.2286,0.21559999999999996,0.2354,0.18439999999999998,0.1994,0.187,50.28,46.559999999999995,57.660000000000004,59.839999999999996,0.5670099801502004,0.1418893327079951,0.03078777508486025,0.29759350795871053,0.6174474150483493,0.15446535352241045,0.05830403892820021,0.34230194428939525,0.5516330477925744,0.1467774611907303,0.09750479242217926,0.25210589071291145,0.5759223956323615,0.13902570707132367,0.17399710273476404,0.3921309162804171,0.5479542742731844,0.1718721845151491,0.03189700543975052,0.27556734291353174,0.5586343394792059,0.13790498733801732,0.06689227475946982,0.30326237561522695,0.5676440518974317,0.16023861485688234,0.14093468635160128,0.24308251802393033,0.6291366092019968,0.1324676017493195,0.20590509091601086,0.32200370299754727,-8.5,1.877,1.961,151,1.934,1.877,7497.115646357422,7216.142860818112,7443.156100043622,7876.542937998457,36.26852362948961,35.78959274504759,36.20922742474916,38.03201556470286,12.434414134070087,12.18514201183432,10.996481169114439,12.10121507589401,19.8760878289952,19.1379641111397,16.798614802966412,19.450067404167743,14.047270903010032,12.400204785181376,15.049376763123451,13.548954720864419,3414.8684310018903,3212.82801646514,3467.345572197178,3797.6938512992024,7296.397993311037,6958.172441471573,7747.820000000001,7794.1896321070235,34.77722408026756,34.46354715719064,38.62317591973244,39.305082274247496,10.555910367892976,12.219761872909698,11.55149364548495,12.083380602006688,16.283923745819397,18.411471571906358,15.588379264214046,14.701901003344478,16.052075585284282,12.574353177257525,13.5972127090301,12.751648829431439,3428.625150501672,3174.9559866220734,3931.8720401337796,4080.52762541806,38.66477085378742,9.6755237611482,2.0994379471746343,20.293090413946988,42.104131590036104,10.533090611934536,3.9757894639032574,23.34178709737953,37.616208065026086,10.008848348554515,6.648913754835495,17.19126088878111,39.27251412892381,9.480251309288356,11.864973002204362,26.739656361342554,37.36535016105672,11.720073478526338,2.1750770699367004,18.791112222956517,38.09363059411883,9.403828718511154,4.561426722644917,20.679654101735327,38.70800860915296,10.92677297095978,9.610425819474242,16.57595137120373,42.90122516728934,9.033049940022995,14.040798992262694,21.95763712514044,-8.734814191652845,154.32008434060683,,,,
2022-02-28,MIL,UNI,25,25,67.32,70.56,108.85600000000001,108.51600000000002,104.18,106.788,0.5242,0.53772,0.4981999999999999,0.5237999999999999,0.16476,0.1784,0.18492,0.20048,0.26023999999999997,0.27664,0.24795999999999999,0.27308,0.19228,0.16512000000000002,0.22356,0.21988000000000002,50.964,54.303999999999995,45.552,52.912,101.66,104.51999999999998,101.78,115.84,0.5126000000000001,0.49879999999999997,0.4718,0.5724,0.20620000000000002,0.18539999999999998,0.1646,0.19340000000000002,0.30300000000000005,0.349,0.1852,0.257,0.13899999999999998,0.14659999999999998,0.2744,0.265,45.28,47.12,46.3,60.86,0.5744906217646817,0.13798295711446332,0.019363543763209406,0.25133847021737066,0.5973937817469868,0.1383395985950589,0.08095578321423551,0.36267821992265414,0.5136214017302907,0.1534114496815271,0.14473208564256182,0.2832036796011519,0.5951514891877651,0.17543368561305858,0.15511431997361785,0.331545831608155,0.590843018133712,0.16422439380773277,0.018315434469938257,0.2158156692000374,0.5812020056928964,0.12993785700084465,0.08582176080997739,0.3159958059522,0.5479206857940015,0.18005824980962132,0.13304046052475968,0.2555501068722973,0.5941310615400924,0.16208905541003038,0.2101334822169529,0.3229184823512189,-6.0,1.925,1.909,148.5,1.980,1.840,7504.53264,7481.093040000001,7182.1692,7361.96472,36.138348,37.0704168,34.345907999999994,36.110772,11.3585544,12.298896,12.7483848,13.8210912,17.9409456,19.0715616,17.094362399999998,18.8261352,13.2557832,11.3833728,15.4122264,15.158527200000002,3513.4581599999997,3743.7177599999995,3140.35488,3647.75328,7008.4403999999995,7205.608799999998,7016.7132,7986.0096,35.338644,34.387271999999996,32.525892,39.461256,14.215428000000001,12.781475999999998,11.347524,13.332996000000001,20.888820000000003,24.060059999999996,12.767688,17.717579999999998,9.582659999999999,10.106603999999999,18.917136,18.2691,3121.6032,3248.4527999999996,3191.9219999999996,4195.6884,39.605383464457155,9.512545063471102,1.3349227070356564,17.327274136785533,41.18432731363727,9.53713192714336,5.581091694789396,25.003036481467777,35.40905943528624,10.576185341044477,9.97782998419821,19.52406167170341,41.029743664604524,12.094398286164258,10.693581218981214,22.856769631066204,40.7327176701381,11.321629709105096,1.2626660523575435,14.878332234650577,40.06806627246827,8.957915861638229,5.916552190239841,21.78475086234467,37.77365207863846,12.413215741875293,9.171809348576932,17.617624367776173,40.95939538257397,11.174419479967494,14.486602264036733,22.26200017329303,-7.229784040068953,151.0329576901992,,,,
2022-02-28,PAN,ZAL,24,24,69.20833333333333,66.375,106.3125,105.60833333333333,114.78750000000001,117.58749999999999,0.5139583333333334,0.5025416666666667,0.5307916666666667,0.545,0.17725,0.17283333333333337,0.14758333333333332,0.15366666666666665,0.2558333333333333,0.28308333333333335,0.2960416666666667,0.29516666666666663,0.20645833333333333,0.18820833333333334,0.17695833333333333,0.20354166666666665,48.104166666666664,46.125,59.05416666666667,58.13333333333333,109.52000000000001,114.16000000000001,110.04,116.82000000000001,0.5528,0.5298,0.5207999999999999,0.5406,0.1806,0.15560000000000002,0.14340000000000003,0.1612,0.20179999999999998,0.2784,0.31920000000000004,0.35,0.17980000000000002,0.2184,0.1346,0.19940000000000002,51.14,51.18,54.580000000000005,52.739999999999995,0.5648730682439186,0.16611588527977192,0.021569848044145044,0.32157642049421653,0.5617790888513031,0.13636408758680207,0.054759876920937874,0.39871253680424584,0.5738407249938958,0.1280846209895589,0.1599380433758446,0.20591227674644727,0.5400539967035313,0.118423321551733,0.20166737040343816,0.2843392360745125,0.5742995883180778,0.1496897374908501,0.027151726441494016,0.274222597123887,0.5965199168663475,0.13669932051091857,0.06404736401760905,0.2979595061213834,0.5607033438972268,0.1303586631923168,0.13635673726345124,0.2490112383998451,0.6093410903888294,0.13792831750515036,0.21323651094461002,0.31627671268857915,-5.5,1.934,1.892,152.5,1.934,1.884,7207.101562499999,7159.364930555555,7781.635937499999,7971.452604166665,34.84209201388889,34.06813715277777,35.98325173611111,36.94645833333333,12.016072916666664,11.716659722222223,10.004920138888886,10.417319444444441,17.34336805555555,19.19069097222222,20.06915798611111,20.009840277777773,13.996154513888886,12.758956597222221,11.99630034722222,13.79842881944444,3261.061631944444,3126.8906249999995,4003.380381944444,3940.955555555555,7424.543333333333,7739.096666666666,7459.794999999999,7919.4225,37.47523333333333,35.916025,35.30589999999999,36.648174999999995,12.243174999999999,10.548383333333334,9.721325,10.928016666666666,13.68035833333333,18.873199999999997,21.6391,23.72708333333333,12.188941666666667,14.805699999999998,9.124758333333332,13.517658333333333,3466.865833333333,3469.5774999999994,3700.0691666666667,3575.332499999999,38.29368675136897,11.261272722924536,1.4622559486593325,21.80020150600376,38.08394073171125,9.244348770988623,3.712263322931913,27.029387390854495,38.90161914854452,8.683069931250511,10.842466523854132,13.95913642776957,36.61116052652689,8.028114340194566,13.671367151933076,19.275830712217992,38.93272625806302,10.147716787400546,1.8406607883462816,18.590006896690173,40.43907936423114,9.26707476963602,4.341877552360413,20.199171519145445,38.01101418836616,8.837231042245808,9.24385048031813,16.880886869856162,41.30824808594272,9.350390524203316,14.45565847112002,21.44092548101326,-2.2036844329410217,153.89256955106632,,,,
2022-02-28,MAC,BASK,24,24,69.29166666666667,69.08333333333333,112.80416666666666,105.34583333333332,113.95416666666665,115.63749999999999,0.533,0.50425,0.5623333333333334,0.5444166666666667,0.16691666666666669,0.17558333333333334,0.17054166666666667,0.14954166666666666,0.26941666666666664,0.2645,0.24637499999999998,0.28579166666666667,0.24045833333333333,0.16970833333333332,0.2010833333333333,0.1754166666666667,54.57083333333333,49.60833333333333,56.4125,59.9625,117.72,102.97999999999999,122.1,116.64000000000001,0.5549999999999999,0.509,0.611,0.587,0.1618,0.1666,0.17259999999999998,0.17,0.2806,0.21940000000000004,0.2582,0.18539999999999995,0.26680000000000004,0.1762,0.171,0.24939999999999998,55.34000000000001,48.00000000000001,62.92,60.04,0.5398904530669827,0.16499087774974053,0.01965801725901629,0.24684371950814046,0.6285921009758907,0.14125207392098085,0.06536484937504926,0.3822835077977568,0.5737563645883176,0.15977825879179527,0.10628101018762305,0.22992826244220121,0.6609425345085728,0.13605891735008305,0.1735893366749702,0.2706417717148468,0.5456645510358683,0.14201789446804383,0.026345092088661794,0.23577552171101893,0.5958738699301998,0.12557937492823504,0.04935456650540532,0.23776140825850295,0.5458443083746901,0.1303867884939335,0.11611719533870324,0.21497194809201395,0.6163525081116698,0.12729057851902006,0.21107608251994323,0.25782566526022926,-6.0,1.952,1.877,156.5,1.961,1.854,7804.63828125,7288.614843749999,7884.203906249999,8000.66953125,36.876937500000004,34.887796875,38.9064375,37.666828125,11.548546875000001,12.148171875000001,11.7993515625,10.3464140625,18.640265624999998,18.300093750000002,17.0460703125,19.7732109375,16.6367109375,11.7416953125,13.912453124999999,12.136640625000002,3775.61953125,3432.2765624999997,3903.0398437500003,4148.65546875,8144.7525,7124.928749999999,8447.793749999999,8070.030000000001,38.39906249999999,35.2164375,42.2735625,40.6130625,11.1945375,11.5266375,11.941762499999998,11.761875000000002,19.414012500000002,15.179737500000003,17.8642125,12.827362499999996,18.459225000000004,12.190837499999999,11.831062500000002,17.2553625,3828.8362500000007,3321.0000000000005,4353.2775,4154.0175,37.353670721571866,11.415306354310173,1.3600890691081897,17.07849984346947,43.490715986269436,9.772877864407862,4.522430516136221,26.4492401957573,39.696768474954226,11.054658280157335,7.353317392356169,15.908161657719797,45.72896160631188,9.413576344158871,12.010212231199501,18.725027580520965,37.75316612479414,9.825863073507783,1.822751058884288,16.31271890838112,41.227023375795696,8.688523002847262,3.4147190700927306,16.450117433885172,37.765603085673874,9.021135928924025,8.03385845249653,14.873371658616215,42.64388915497615,8.806916901284701,14.603826459348571,17.838313215192112,-2.6130887181186155,160.44325521580208,,,,
