Date,Home,Away,H_GP,A_GP,H_ORtg,A_ORtg,H_DRtg,A_DRtg,H_eFG%,A_eFG%,H_DeFG%,A_DeFG%,H_TO%,A_TO%,H_DTO%,A_DTO%,H_OR%,A_OR%,H_DOR%,A_DOR%,H_FTR,A_FTR,H_DFTR,A_DFTR,H_FIC,A_FIC,H_DFIC,A_DFIC,F_H_ORtg,F_A_ORtg,F_H_DRtg,F_A_DRtg,F_H_eFG%,F_A_eFG%,F_H_DeFG%,F_A_DeFG%,F_H_TO%,F_A_TO%,F_H_DTO%,F_A_DTO%,F_H_OR%,F_A_OR%,F_H_DOR%,F_A_DOR%,F_H_FTR,F_A_FTR,F_H_DFTR,F_A_DFTR,F_H_FIC,F_A_FIC,F_H_DFIC,F_A_DFIC,Home Open ML,Away Open ML,Home Close ML,Away Close ML,Open Spread,Home Open Spread Odds,Away Open Spread Odds,Close Spread,Home Close Spread Odds,Away Close Spread Odds,Home Score,Away Score,Actual Spread,Predicted Spread,T Away Open,T Away Close,S Pred,Predict Home Open Cover,Predict Home Close Cover,Home Open Cover,Home Close Cover,Home Win,Home Book Rtg,Predict Home Win,My Edge,Actual Edge
2017-11-05,CRE,SAS,5,5,99.22,114.28000000000002,103.86,107.96,0.4894,0.5533999999999999,0.4938,0.5085999999999999,0.1746,0.194,0.215,0.1718,0.2678,0.2935999999999999,0.2682,0.3206,0.1444,0.1912,0.2846,0.2042,49.58,61.960000000000015,55.54,55.500000000000014,99.22,114.28000000000002,103.86,107.96,0.4894,0.5533999999999999,0.4938,0.5085999999999999,0.1746,0.194,0.215,0.1718,0.2678,0.2935999999999999,0.2682,0.3206,0.1444,0.1912,0.2846,0.2042,49.58,61.960000000000015,55.54,55.500000000000014,2.06,1.71,1.97,1.79,1.0,1.9,1.9,1.5,1.8,1.95,96.0,81.0,-15.0,6.074925236376024,-0.4702247938919532,-0.4238965454951613,10.79255135479335,0.3191905805367934,0.335903649584589,1.0,1,1,-0.0582689081239758,0.1511747616703405,0.29016602045256457,-0.5586592178770949
2017-11-05,VEN,TOR,5,5,113.34,101.8,104.0,98.86,0.5732,0.5002000000000001,0.4722,0.5128,0.1944,0.1778,0.1792,0.2326,0.2272,0.277,0.3316,0.2557999999999999,0.2314,0.1906,0.2373999999999999,0.173,57.8,54.120000000000005,45.08,45.28,113.34,101.8,104.0,98.86,0.5732,0.5002000000000001,0.4722,0.5128,0.1944,0.1778,0.1792,0.2326,0.2272,0.277,0.3316,0.2557999999999999,0.2314,0.1906,0.2373999999999999,0.173,57.8,54.120000000000005,45.08,45.28,1.31,3.28,1.32,3.24,-6.5,1.9,1.9,-6.5,1.86,1.86,91.0,96.0,5.0,-3.996421753264523,-0.2331755030769454,-0.2331755030769454,10.7368836507209,0.4078560191218344,0.4078560191218344,0.0,0,0,1.1711829815029449,0.6658874868368161,0.025470537854541953,0.691358024691358
2017-11-11,REG,PIS,6,6,100.28333333333336,100.84999999999998,114.4,106.48333333333336,0.4755,0.4653333333333334,0.5976666666666667,0.5260000000000001,0.1893333333333333,0.1996666666666667,0.2188333333333333,0.1631666666666666,0.34,0.3123333333333333,0.2383333333333332,0.2135,0.1625,0.2334999999999999,0.2465,0.2628333333333333,41.81666666666666,44.0,59.43333333333333,54.76666666666666,103.32,100.86,119.16,112.04,0.4912000000000001,0.4656,0.6247999999999999,0.5546000000000001,0.1805999999999999,0.1954,0.2186,0.1488,0.3564,0.303,0.2471999999999999,0.2028,0.157,0.2574,0.2266,0.2788,44.28,42.52,63.42,59.760000000000005,1.4,2.85,1.32,3.24,-4.0,1.9,1.9,-6.5,1.86,1.86,90.0,42.0,-48.0,-0.8397813127251834,-0.2910666843140388,-0.5213250248887519,10.857370003449727,0.3855551245829685,0.3011752986056462,1.0,1,1,0.9162907318741552,0.6211252160780354,0.07023280861332265,-0.30864197530864196
2017-11-18,CRE,REG,7,7,104.91428571428573,104.84285714285716,106.88571428571429,106.87142857142858,0.5261428571428571,0.4899999999999999,0.508,0.5538571428571429,0.1731428571428571,0.1854285714285714,0.2018571428571428,0.2274285714285714,0.2424285714285714,0.3378571428571429,0.2721428571428571,0.2705714285714285,0.1647142857142857,0.1722857142857143,0.2852857142857143,0.2372857142857143,52.85714285714285,47.271428571428565,55.92857142857143,50.64285714285713,111.58,105.11999999999998,105.98,105.06000000000002,0.5524000000000001,0.497,0.5018,0.5579999999999999,0.1589999999999999,0.1792,0.2064,0.2406,0.2493999999999999,0.3356,0.2745999999999999,0.2734,0.1762,0.1622,0.3078,0.173,58.67999999999999,48.36,53.14,49.38,1.34,3.14,1.27,3.64,-5.0,1.9,1.9,-7.5,1.86,1.86,68.0,71.0,3.0,0.6790788779644208,-0.5242288361257658,-0.7550007832102849,10.833205818922128,0.3001654835182742,0.225286136201436,0.0,0,0,1.0788096613719298,0.3887678107869509,0.3365069144877744,0.7252747252747254
2017-11-19,TREN,PES,7,7,101.95714285714288,103.48571428571428,110.2,110.34285714285714,0.4844285714285714,0.4654285714285714,0.5561428571428572,0.5075714285714287,0.1611428571428571,0.2022857142857142,0.1808571428571428,0.1537142857142857,0.2768571428571428,0.3388571428571428,0.24,0.3238571428571429,0.2334285714285714,0.2808571428571428,0.1432857142857143,0.1908571428571428,46.442857142857136,48.142857142857146,54.08571428571428,55.91428571428571,97.64,97.98,110.08,108.52,0.474,0.4356,0.5474,0.5112000000000001,0.1764,0.2056,0.1552,0.1464,0.2822,0.3328,0.2116,0.2944,0.1864,0.2764,0.1618,0.1583999999999999,43.400000000000006,45.9,55.720000000000006,55.34,1.22,4.0,1.23,3.91,-8.5,1.9,1.9,-8.5,1.86,1.86,91.0,74.0,-17.0,-7.288266894227567,-0.1085252779670168,-0.1085252779670168,11.165445769608665,0.4568093410619738,0.4568093410619738,1.0,1,1,1.5141277326297755,0.7113838361303164,0.03286168816635876,-0.2557544757033248
2017-12-03,PIS,TOR,8,8,97.0,108.95,110.7125,105.7625,0.447875,0.52,0.53425,0.538625,0.201625,0.15425,0.158,0.20525,0.32425,0.289375,0.232875,0.2375,0.222125,0.188125,0.2628749999999999,0.183875,39.425,60.7875,58.7,51.6875,95.56,114.08,119.9,108.88000000000002,0.4206,0.5311999999999999,0.5648,0.5476000000000001,0.1832,0.1488,0.1516,0.1894,0.358,0.289,0.25,0.2304,0.239,0.2298,0.3108,0.203,35.58,65.92,64.38,54.9,1.89,1.84,1.78,1.97,-1.5,1.9,1.9,-1.5,1.86,1.86,80.0,65.0,-15.0,2.2563348024696426,-0.3436179979420562,-0.3436179979420562,10.931717270243416,0.365632571083158,0.365632571083158,1.0,1,1,0.1165338162559516,0.4500041601096333,0.0423816266923972,-0.5076142131979695
2017-12-09,VEN,REG,9,9,112.92222222222222,104.74444444444444,109.17777777777778,106.04444444444444,0.5516666666666666,0.4817777777777777,0.5065555555555555,0.5549999999999999,0.1646666666666666,0.1821111111111111,0.1591111111111111,0.2289999999999999,0.2417777777777777,0.3475555555555555,0.2828888888888888,0.2535555555555555,0.2258888888888889,0.1812222222222222,0.2471111111111111,0.2488888888888889,59.8111111111111,47.45555555555555,54.17777777777778,49.23333333333333,113.68,107.66,116.01999999999998,102.48,0.5394,0.4953999999999999,0.5449999999999999,0.554,0.129,0.1956,0.1396,0.2248,0.245,0.3623999999999999,0.2526,0.2203999999999999,0.2244,0.1914,0.2347999999999999,0.2526,62.02,49.940000000000005,64.24,44.68,1.22,4.07,1.21,4.12,-8.5,1.9,1.9,-9.5,1.86,1.86,66.0,68.0,2.0,-2.6808164577300926,-0.5366194339809973,-0.6288350223162085,10.844153554222515,0.2958739487379563,0.2648593072322378,0.0,0,0,1.5141277326297755,0.6315321910248257,0.12574936237323253,0.7572815533980582
2017-12-16,ORL,NBB,10,10,94.53,99.11,106.06999999999998,108.39,0.5065000000000001,0.4842000000000001,0.4963,0.5334,0.2329,0.1759,0.1579,0.166,0.2077999999999999,0.2828,0.307,0.2162,0.1731,0.1541,0.1611,0.2081,41.21,43.63,56.55000000000001,56.27,100.26000000000002,102.18,108.92,109.08,0.5344,0.4874,0.498,0.5462,0.1944,0.1756,0.1508,0.1678,0.1794,0.3,0.3238,0.2155999999999999,0.2158,0.1624,0.1359999999999999,0.2084,47.58,46.9,60.08,56.24,1.4,2.86,1.45,2.67,-4.5,1.9,1.9,-4.5,1.86,1.86,67.0,66.0,-1.0,0.2053009426896084,-0.4266101938335264,-0.4266101938335264,11.02950893040716,0.3349152519281791,0.3349152519281791,0.0,0,1,0.9162907318741552,0.3781886816089195,0.24727948318508797,-0.37453183520599254
2017-12-17,MIL,CAN,10,10,105.23,111.43,100.04,113.75,0.5060999999999999,0.5216,0.4662,0.5229,0.1709999999999999,0.1468999999999999,0.1746,0.1621,0.2375,0.2666,0.2944,0.3305,0.2274999999999999,0.2426,0.2145999999999999,0.1759,48.92,60.71999999999999,45.13,64.6,102.7,119.2,98.2,114.44,0.4822,0.5546,0.4422,0.4984,0.16,0.1407999999999999,0.1794,0.1404,0.2542,0.2428,0.2988,0.3732,0.2518,0.3028,0.238,0.1863999999999999,48.18,67.25999999999999,45.14,62.04,1.16,4.89,1.19,4.38,-10.0,1.9,1.9,-9.5,1.9,1.83,93.0,77.0,-16.0,-9.7593543035805,-0.0219334296006457,0.0236386083102481,10.971640131118122,0.4912545137535968,0.5094252675251336,1.0,1,1,1.8325814637483109,0.742271106336469,0.029418391380425984,-0.22831050228310504
2017-12-26,MIL,BRE,11,11,107.56363636363636,112.7090909090909,100.8,97.88181818181816,0.5153636363636362,0.5402727272727273,0.4663636363636363,0.4811818181818182,0.1644545454545454,0.1507272727272727,0.1766363636363636,0.202090909090909,0.2378181818181818,0.2455454545454545,0.3034545454545455,0.3038181818181818,0.2263636363636363,0.2215454545454545,0.2210909090909091,0.1326363636363636,50.51818181818182,62.6090909090909,45.081818181818186,43.85454545454546,108.64,115.78,101.9,100.06,0.52,0.5486000000000001,0.4462,0.5002,0.146,0.1454,0.1738,0.1774,0.2445999999999999,0.2524,0.3276,0.2778,0.2302,0.2193999999999999,0.2537999999999999,0.1156,50.440000000000005,66.05999999999999,47.89999999999999,47.74,1.24,3.79,1.29,3.45,-7.5,1.9,1.9,-7.5,1.9,1.83,74.0,71.0,-3.0,-0.0501469963825016,-0.6832851085689238,-0.6832851085689238,10.902993362786017,0.2473574779268781,0.2473574779268781,0.0,0,1,1.4271163556401458,0.4689275315529397,0.24121739598329212,-0.2898550724637681
2017-12-26,VEN,SAS,11,11,110.49090909090908,116.94545454545457,110.0909090909091,109.96363636363635,0.5457272727272727,0.5761818181818181,0.5048181818181818,0.5286363636363636,0.1732727272727272,0.1857272727272727,0.1524545454545454,0.1722727272727272,0.2506363636363636,0.2738181818181818,0.286,0.2925454545454545,0.2071818181818181,0.2099090909090909,0.2616363636363636,0.2213636363636363,56.381818181818176,62.1,55.4090909090909,53.25454545454545,106.1,121.08,113.26,107.98,0.5044000000000001,0.5968,0.52,0.519,0.1529999999999999,0.1686,0.1354,0.172,0.2779999999999999,0.2739999999999999,0.2476,0.2668,0.1906,0.1936,0.3043999999999999,0.244,53.24000000000001,67.1,61.7,47.54,1.46,2.63,1.48,2.58,-4.5,1.9,1.9,-4.5,1.86,1.86,82.0,80.0,-2.0,-2.813032666794783,-0.1555225543745918,-0.1555225543745918,10.847091214448453,0.438233269543375,0.438233269543375,0.0,0,1,0.7765287894989964,0.5411013023235265,0.07130179845166734,-0.38759689922480617
2018-01-02,ORL,VEN,12,12,94.85,109.825,107.60833333333332,109.25,0.5103333333333334,0.5393333333333333,0.5125833333333333,0.4933333333333333,0.2249166666666666,0.1724166666666666,0.16225,0.1543333333333333,0.2069166666666666,0.249,0.2953333333333333,0.2976666666666667,0.1598333333333333,0.2185833333333333,0.1589166666666666,0.2675833333333333,41.525,56.04999999999999,58.900000000000006,54.74166666666665,92.43999999999998,103.44,115.61999999999998,110.34,0.4948,0.5005999999999999,0.561,0.4918,0.1966,0.1682,0.152,0.148,0.2102,0.259,0.2622,0.2986,0.1298,0.2248,0.1354,0.2822,40.92,49.1,69.78,58.0,2.26,1.6,2.31,1.58,2.5,1.9,1.9,2.5,1.95,1.8,59.0,91.0,32.0,2.656196499022258,-0.0142053924695777,-0.0142053924695777,10.995577866417204,0.4943356392588353,0.4943356392588353,0.0,0,0,-0.2311117209633864,0.2664762393204927,0.10061236827444409,0.3670886075949368
2018-01-07,VEN,PES,13,13,110.96923076923076,104.36153846153849,107.06153846153846,113.84615384615384,0.5455384615384615,0.472,0.4836923076923077,0.5363076923076923,0.1696923076923077,0.168076923076923,0.155076923076923,0.1588461538461538,0.2459230769230769,0.3234615384615384,0.3003846153846154,0.291,0.2049999999999999,0.237076923076923,0.2571538461538462,0.1912307692307692,58.23846153846153,47.56153846153847,52.99999999999999,58.37692307692308,105.46,105.9,104.66,116.23999999999998,0.5164000000000001,0.4708,0.4654,0.5734,0.1709999999999999,0.126,0.1536,0.1644,0.2494,0.3318,0.3139999999999999,0.2384,0.1742,0.1942,0.2698,0.1792,53.8,47.5,53.720000000000006,60.54,1.17,4.72,1.13,5.61,-9.5,1.9,1.9,-11.5,1.86,1.86,72.0,71.0,-1.0,-7.417523692847408,-0.1910273674049401,-0.3744891112421465,10.901455301627829,0.4242873872034355,0.3540925300309496,0.0,0,1,1.7719568419318756,0.720840943225347,0.10090593734506301,-0.17825311942959002
2018-01-21,VEN,VAR,15,15,111.12666666666668,108.50666666666667,107.26666666666668,108.19333333333334,0.5453333333333333,0.4956666666666666,0.4878666666666667,0.5183333333333334,0.1634,0.1672666666666667,0.1564666666666666,0.1607333333333333,0.2461333333333333,0.3024666666666666,0.3005333333333334,0.2781333333333333,0.1897333333333333,0.1937333333333333,0.2428,0.2007333333333333,57.76,52.14666666666666,52.65999999999999,51.58666666666667,109.9,107.52,104.44,115.92,0.5354,0.5044000000000001,0.4705999999999999,0.5536,0.1447999999999999,0.1728,0.1616,0.1528,0.2486,0.2528,0.3112,0.2572,0.1286,0.2282,0.2336,0.2498,56.86,50.96,51.06,60.35999999999999,1.19,4.43,1.25,3.78,-10.5,1.9,1.9,-8.5,1.9,1.83,63.0,75.0,12.0,-7.48892633923386,-0.2740270971351986,-0.0920142153477269,10.98823325227777,0.3920834343575834,0.4633601551206827,0.0,0,0,1.660731206821651,0.5948484023776558,0.14060133307207962,0.7354497354497354
2018-01-28,ORL,BOL,16,16,94.91875,109.0875,111.75625,105.55,0.5054375,0.50875,0.523875,0.5156875000000001,0.2169375,0.1590625,0.1550625,0.1875,0.2245,0.317875,0.2945,0.2416875,0.1613125,0.1895625,0.1676875,0.2098125,42.0,54.575,64.00625,51.31875,95.4,107.3,126.5,106.78,0.4994,0.5008,0.5944,0.5408000000000002,0.1852,0.1626,0.1488,0.1999999999999999,0.2694,0.3299999999999999,0.2578,0.2375999999999999,0.153,0.1914,0.1931999999999999,0.184,42.900000000000006,53.1,81.42,54.11999999999999,2.1,1.69,2.48,1.51,2.5,1.9,1.9,3.5,1.9,1.83,69.0,86.0,17.0,10.526837583701038,-0.7185146506920828,-0.629000611919071,11.171432031301634,0.2363728463072276,0.2648051408294221,0.0,0,0,-0.0953101798043249,0.0865774921562397,0.2511708522146212,0.3377483443708609
2018-02-04,PIS,CRE,17,17,103.49411764705884,109.28823529411764,111.52941176470588,106.54117647058824,0.4861176470588236,0.5361764705882353,0.5331764705882353,0.519235294117647,0.1763529411764706,0.1705882352941176,0.1498235294117647,0.1956470588235294,0.3006470588235294,0.2610588235294117,0.2455294117647059,0.2564117647058823,0.1802941176470588,0.1767647058823529,0.2327058823529412,0.2437647058823529,45.77058823529412,55.27058823529412,57.54705882352942,52.80588235294118,102.24,115.18,108.66,105.18,0.4722,0.5416,0.5084000000000001,0.5277999999999999,0.1551999999999999,0.161,0.1526,0.187,0.2865999999999999,0.2917999999999999,0.2776,0.225,0.142,0.1965999999999999,0.1998,0.209,47.0,63.17999999999999,57.32000000000001,52.1,1.66,2.16,1.58,2.31,-3.0,1.9,1.9,-3.5,1.86,1.86,76.0,65.0,-11.0,0.4253531228655367,-0.3155812465825582,-0.3616467521323266,10.85410860106176,0.3762201504585996,0.3588775832581816,1.0,1,1,0.4155154439616659,0.5358466926387343,0.0312528744608328,-0.4329004329004329
2018-03-11,SAS,CRE,20,20,115.045,108.50500000000002,112.06000000000002,106.185,0.5548499999999998,0.52475,0.5326500000000001,0.5206500000000001,0.17985,0.1666,0.1623,0.2033999999999999,0.2916,0.2740999999999999,0.2888,0.24995,0.20615,0.17885,0.2389,0.2449999999999999,59.21500000000001,55.09,55.3,52.085,114.8,108.44,118.0,106.98,0.5794,0.4976,0.5519999999999999,0.5324,0.1806,0.15,0.1348,0.2139999999999999,0.2496,0.3166,0.2784,0.2234,0.177,0.1754,0.2406,0.2397999999999999,60.02,58.7,61.88000000000001,53.42,1.39,2.85,1.37,3.0,-5.5,1.9,1.9,-5.5,1.86,1.86,102.0,86.0,-16.0,-5.823505814455623,0.0299127501553562,0.0299127501553562,10.81498066127146,0.5119262460077336,0.5119262460077336,1.0,1,1,0.9416085398584452,0.639281096018623,0.027385570648043644,-0.3333333333333333
2018-03-25,CAN,TOR,22,22,112.92727272727272,108.05,113.9,110.18181818181816,0.532,0.5101818181818182,0.5311818181818181,0.5468181818181819,0.1518636363636363,0.1716818181818181,0.1607727272727272,0.1870454545454545,0.2547272727272727,0.2962272727272727,0.3144545454545455,0.2636818181818182,0.2516818181818183,0.2306363636363636,0.1828636363636363,0.1880909090909091,60.40909090909091,55.354545454545466,63.89545454545455,56.49545454545455,111.9,110.21999999999998,116.5,121.16,0.5296,0.4964,0.5248,0.6006,0.1544,0.1641999999999999,0.1358,0.194,0.2142,0.3706,0.3208000000000001,0.2726,0.3236,0.3066,0.1669999999999999,0.1765999999999999,55.4,50.64,66.78,63.24,1.52,2.44,1.39,2.88,-3.5,1.9,1.9,-5.5,1.83,1.9,93.0,90.0,-3.0,-5.685438020989149,0.1974517688257013,0.0167541082841016,11.068211918214432,0.5782264483142885,0.5066805660691139,0.0,0,1,0.6539264674066639,0.5750479249529056,0.07772985282487221,-0.3472222222222222
2018-04-08,AVE,CRE,24,23,114.5625,109.7826086956522,106.95833333333331,106.77391304347827,0.5839583333333334,0.5296086956521739,0.4939583333333333,0.521695652173913,0.1890833333333333,0.1696086956521738,0.1385416666666666,0.1985217391304347,0.2325,0.2739999999999999,0.3057916666666667,0.257304347826087,0.2068333333333333,0.1852173913043478,0.177,0.2339130434782608,62.15,56.03478260869566,50.875,52.71304347826087,110.42,115.78,113.73999999999998,108.3,0.5721999999999999,0.5288,0.534,0.5429999999999999,0.2014,0.1622,0.1147999999999999,0.2017999999999999,0.2526,0.3265999999999999,0.228,0.2438,0.2104,0.2166,0.2,0.2096,58.2,62.94,57.38,52.38,1.24,3.81,1.24,3.88,-8.0,1.9,1.9,-8.5,1.9,1.83,95.0,72.0,-23.0,-7.107678793159817,-0.0813489425779828,-0.1269317114029272,10.969057231257608,0.467597049926499,0.4495204613388273,1.0,1,1,1.4271163556401458,0.6485762400319772,0.09369180120513615,-0.2577319587628866
2018-04-18,REG,CRE,25,25,106.684,109.228,109.08,108.108,0.5080399999999999,0.52744,0.5391600000000001,0.53172,0.16708,0.17148,0.18884,0.20056,0.29936,0.28308,0.25212,0.25604,0.1833199999999999,0.1914799999999999,0.22872,0.2354,50.736,55.21999999999999,53.024,54.26,107.76,112.12,115.26,115.8,0.512,0.5382,0.5454,0.576,0.1576,0.1909999999999999,0.1516,0.1891999999999999,0.2976,0.319,0.2562,0.2804,0.1456,0.242,0.2282,0.1969999999999999,52.5,55.74,57.3,62.96,1.55,2.37,1.48,2.56,-3.5,1.9,1.9,-4.5,1.86,1.86,91.0,84.0,-7.0,-2.533049494575572,-0.0891732218956878,-0.1813943039422262,10.843507556063605,0.4644883833941236,0.428062519314277,1.0,1,1,0.5978370007556204,0.5738824219889463,0.035492578011053655,-0.390625
2018-04-29,MIL,PES,27,27,115.03703703703704,104.34814814814816,104.45185185185186,115.1777777777778,0.540962962962963,0.4882962962962963,0.4836296296296296,0.5558888888888889,0.1554444444444444,0.1746296296296296,0.1576296296296296,0.165037037037037,0.2607777777777778,0.2994814814814815,0.288,0.286925925925926,0.2299259259259259,0.2188518518518518,0.219,0.1884814814814815,57.91851851851852,49.877777777777766,46.7074074074074,62.24444444444445,124.66,98.26,114.56,114.28,0.5698000000000001,0.457,0.5134000000000001,0.5836,0.1222,0.1908,0.1339999999999999,0.184,0.2706,0.3359999999999999,0.3232,0.2398,0.2234,0.1764,0.2566,0.141,66.78,51.11999999999999,58.6,67.72,1.03,10.52,1.03,11.27,-16.5,1.9,1.9,-17.5,1.9,1.83,70.0,75.0,5.0,-15.398193258131172,-0.0987029779262147,-0.1882858187053515,11.162852074154054,0.4607050658984871,0.4253610884518395,0.0,0,0,3.506557897319981,0.8807453675069646,0.030523487861269613,0.9112688553682342
2018-04-29,VEN,ORL,27,27,110.24074074074076,98.04444444444444,105.40370370370368,115.59629629629627,0.5426296296296297,0.5004814814814815,0.4896666666666667,0.5456666666666666,0.1618888888888889,0.1957407407407407,0.1644814814814815,0.1448888888888889,0.2305925925925926,0.245111111111111,0.2818888888888888,0.2747407407407407,0.2131481481481481,0.1645185185185184,0.2459259259259259,0.1751481481481481,57.57037037037038,44.588888888888896,50.35925925925927,65.4074074074074,110.82,96.62,104.1,113.0,0.5608,0.479,0.5012,0.5454,0.1586,0.1704,0.1831999999999999,0.1488,0.2218,0.2414,0.2872,0.237,0.2434,0.144,0.2288,0.1532,59.08,48.92,47.31999999999999,63.67999999999999,1.05,8.98,1.04,10.46,-15.5,1.9,1.9,-17.5,1.86,1.86,104.0,85.0,-19.0,-14.047695316514702,-0.1324869922237416,-0.3149376773042222,10.961866211232818,0.4473238269842263,0.3764643182068412,1.0,1,1,2.99573227355399,0.8660808165915377,0.0383168889533954,-0.09560229445506692
2018-11-10,TREN,BRE,5,5,100.2,109.64,122.92,109.96,0.4772,0.525,0.5930000000000001,0.5686,0.1664,0.1486,0.1618,0.1698,0.2544,0.2596,0.2602,0.1946,0.2242,0.2098,0.2663999999999999,0.1776,43.56,54.94,74.26,59.74,100.2,109.64,122.92,109.96,0.4772,0.525,0.5930000000000001,0.5686,0.1664,0.1486,0.1618,0.1698,0.2544,0.2596,0.2602,0.1946,0.2242,0.2098,0.2663999999999999,0.1776,43.56,54.94,74.26,59.74,1.53,2.46,1.49,2.55,-2.5,1.9,1.9,-4.5,1.86,1.86,76.0,75.0,-1.0,0.5103270525839569,-0.2684488803036124,-0.4468008504479763,11.213781369396338,0.3942273298421098,0.3275975280123498,0.0,0,1,0.6348782724359695,0.4269611875899695,0.18088194966493243,-0.3921568627450981
2018-11-11,TOR,NBB,5,5,106.8,110.92,110.36,102.74,0.5372,0.5252000000000001,0.5332000000000001,0.5146,0.2065999999999999,0.1379999999999999,0.1736,0.2022,0.2178,0.2392,0.2798,0.2728,0.3405999999999999,0.2277999999999999,0.18,0.1714,56.66,64.92,63.92,47.48,106.8,110.92,110.36,102.74,0.5372,0.5252000000000001,0.5332000000000001,0.5146,0.2065999999999999,0.1379999999999999,0.1736,0.2022,0.2178,0.2392,0.2798,0.2728,0.3405999999999999,0.2277999999999999,0.18,0.1714,56.66,64.92,63.92,47.48,1.48,2.63,1.56,2.42,-2.5,1.9,1.9,-2.5,1.86,1.86,66.0,72.0,6.0,-2.765742986680273,0.0238715573673887,0.0238715573673887,11.132201497808785,0.5095181321899607,0.5095181321899607,0.0,0,0,0.7339691750802004,0.5462093427733217,0.04056751673081055,0.5867768595041323
2018-11-25,TRIE,CAN,7,7,105.97142857142856,105.6,109.7285714285714,108.02857142857142,0.5291428571428571,0.4992857142857143,0.5285714285714286,0.5064285714285715,0.2004285714285714,0.1681428571428571,0.1845714285714285,0.1538571428571428,0.2598571428571428,0.2952857142857143,0.2934285714285715,0.2442857142857142,0.2002857142857143,0.2295714285714285,0.2762857142857143,0.2284285714285714,52.72857142857142,56.64285714285715,53.971428571428575,61.6,106.06,106.43999999999998,107.14,108.56000000000002,0.532,0.5022,0.5004000000000001,0.4938,0.1997999999999999,0.1752,0.1802,0.1476,0.2354,0.3034,0.3224,0.262,0.2314,0.2276,0.2434,0.2428,54.9,56.4,50.620000000000005,59.36,1.41,2.78,1.35,3.1,-6.0,1.9,1.9,-6.5,1.83,1.9,102.0,82.0,-20.0,-4.463110527422992,-0.1398243076524535,-0.1853136906391169,10.99157577377098,0.4444250439336623,0.4265257210329592,1.0,1,1,0.8915981192837837,0.5505181359712943,0.1269012188674154,-0.3225806451612903
2018-11-25,TREN,SAS,7,7,102.08571428571427,112.35714285714286,120.2,110.08571428571427,0.4815714285714286,0.504,0.6008571428571429,0.5312857142857143,0.1681428571428571,0.1937142857142857,0.1765714285714285,0.1681428571428571,0.2804285714285714,0.3668571428571429,0.233,0.2907142857142857,0.2135714285714285,0.2198571428571429,0.2798571428571428,0.1967142857142857,43.68571428571428,56.94285714285714,70.2,52.91428571428571,102.88,116.58,124.11999999999998,114.32,0.4791999999999999,0.5242000000000001,0.6308,0.5362,0.1609999999999999,0.1826,0.1732,0.1666,0.3132,0.3682,0.2186,0.331,0.1832,0.2048,0.2512,0.2166,41.760000000000005,60.55999999999999,72.35999999999999,56.06,1.66,2.13,1.7,2.08,-2.5,1.9,1.9,-2.5,1.9,1.83,71.0,66.0,-5.0,4.656919412494573,-0.6403918467479874,-0.6403918467479874,11.175844053665829,0.2610925331190717,0.2610925331190717,1.0,1,1,0.4155154439616659,0.2204883441886683,0.298742425042101,-0.4807692307692307
2018-12-09,BOL,SAS,8,8,111.7375,109.75,116.67499999999998,108.6375,0.515375,0.491625,0.5347500000000001,0.5135,0.1225,0.19025,0.1377499999999999,0.154,0.27525,0.347375,0.299875,0.273375,0.203875,0.222125,0.19275,0.21575,53.15,53.7125,63.9,52.175,107.62,113.04,115.42,113.64,0.4824,0.4993999999999999,0.5272,0.5167999999999999,0.1156,0.1698,0.1374,0.1412,0.2897999999999999,0.3452,0.29,0.3076,0.1884,0.2065999999999999,0.2004,0.2406,50.62,55.3,66.4,56.44,1.38,2.87,1.39,2.86,-5.5,1.9,1.9,-5.5,1.86,1.86,74.0,86.0,12.0,-5.130422507481832,-0.0327104038850142,-0.0327104038850142,11.298469252086628,0.4869587078585803,0.4869587078585803,0.0,0,0,0.967584026261706,0.6314640251780409,0.01888562517160941,0.6503496503496503
2018-12-23,REG,TRIE,10,10,104.88000000000002,111.37,111.74,106.73,0.5161,0.5537000000000001,0.5527,0.5152,0.1709,0.1917,0.182,0.1856,0.2538999999999999,0.2571,0.2704999999999999,0.2845,0.2046999999999999,0.1974,0.2178,0.2876999999999999,51.17,59.57000000000001,58.260000000000005,51.05,101.0,115.01999999999998,112.82,103.62,0.4884,0.5710000000000001,0.5762,0.496,0.1666,0.1848,0.1914,0.1792,0.2974,0.2404,0.2818,0.27,0.1682,0.2108,0.1616,0.3058,45.120000000000005,65.54,60.16,49.96,1.65,2.16,1.61,2.26,-2.5,1.9,1.9,-4.5,1.95,1.8,71.0,84.0,13.0,0.7982671279788631,-0.2998932600377132,-0.481742242185793,10.998136895654431,0.3821860435356729,0.3150905194863156,0.0,0,0,0.4307829160924544,0.4499623433692157,0.10755978052458959,0.5575221238938053
2018-12-26,NBB,CRE,11,11,103.75454545454544,114.34545454545456,102.05454545454543,107.92727272727274,0.5023636363636365,0.5255454545454546,0.4996363636363636,0.5071818181818183,0.1673636363636363,0.1449090909090909,0.1773636363636363,0.1703636363636363,0.2554545454545454,0.3245454545454545,0.2541818181818182,0.2678181818181819,0.1871818181818182,0.181090909090909,0.1568181818181818,0.2342727272727273,57.40909090909091,62.8,49.18181818181818,54.74545454545455,98.0,116.2,104.04,111.98,0.4678,0.5502,0.5012000000000001,0.4976,0.1764,0.1561999999999999,0.1584,0.1669999999999999,0.2848,0.3144,0.248,0.335,0.1559999999999999,0.1584,0.1402,0.2438,49.760000000000005,65.32,52.88,62.28,1.67,2.15,1.76,2.02,-2.0,1.9,1.9,-1.5,1.9,1.9,80.0,86.0,6.0,-3.2132598314137004,0.1100620280873192,0.1554200071605545,11.02341881662533,0.5437997987301895,0.5617263307709951,0.0,0,0,0.4004775665971254,0.4948872896965647,0.010063205352940252,0.504950495049505
2018-12-30,TRIE,NBB,12,12,110.99166666666667,103.95833333333331,104.8,103.05833333333332,0.5566666666666668,0.4950000000000001,0.5004166666666666,0.5068333333333334,0.1859166666666666,0.1633333333333333,0.1781666666666666,0.1791666666666666,0.24175,0.2642499999999999,0.2863333333333333,0.2543333333333333,0.1965833333333333,0.19775,0.2670833333333333,0.1580833333333333,61.76666666666667,56.958333333333336,49.98333333333334,49.59166666666667,118.02,98.28,97.9,107.93999999999998,0.5952,0.449,0.4609999999999999,0.5248,0.1656,0.174,0.1692,0.1573999999999999,0.2164,0.3154,0.2764,0.2492,0.1914,0.1898,0.2542,0.1556,74.42,49.4,44.4,56.9,1.3,3.31,1.29,3.45,-7.0,1.9,1.9,-7.5,1.9,1.83,71.0,92.0,21.0,-5.122635764829187,-0.1704255429051792,-0.21581512147294,11.015744489752535,0.4323691362348986,0.4146060091571588,0.0,0,0,1.203972804325936,0.6683344400375936,0.041810487498638305,0.7101449275362319
2019-01-06,REG,PES,13,13,105.1,104.63846153846156,112.15384615384616,116.93846153846152,0.5107692307692309,0.4872307692307693,0.554,0.5556923076923077,0.1631538461538461,0.1686153846153845,0.1729230769230769,0.1463846153846154,0.2631538461538461,0.2821538461538461,0.2632307692307691,0.2863846153846153,0.1874615384615384,0.2486923076923077,0.2016923076923077,0.1682307692307692,50.52307692307692,52.23846153846154,59.00769230769231,71.16153846153846,102.3,102.58,107.18,125.6,0.5,0.4598,0.5132,0.5978,0.1659999999999999,0.1666,0.1512,0.1472,0.2716,0.3452,0.2872,0.2938,0.1252,0.2415999999999999,0.1392,0.157,46.17999999999999,49.18,56.0,81.72,1.29,3.38,1.24,3.81,-6.5,1.9,1.9,-8.5,1.86,1.86,108.0,66.0,-42.0,-8.307676090036072,0.1618651037120969,-0.0172212985524447,11.167793728111484,0.5642641817669514,0.4931331637635747,1.0,1,1,1.2378743560016172,0.5843838750895289,0.1531489333094212,-0.26246719160104987
2019-01-06,VEN,CRE,13,13,112.7153846153846,115.70769230769233,97.1153846153846,108.34615384615384,0.5515384615384614,0.5433846153846155,0.448,0.5056923076923077,0.1573076923076923,0.1531538461538461,0.1554615384615384,0.1665384615384615,0.2356153846153846,0.3153076923076922,0.2766153846153846,0.2771538461538462,0.155,0.1757692307692308,0.2275384615384615,0.2314615384615385,64.23846153846154,63.7,45.5,54.66153846153846,103.06000000000002,123.92,99.8,113.6,0.5050000000000001,0.6032,0.4714,0.5029999999999999,0.1512,0.1706,0.159,0.1606,0.2546,0.3036,0.2435999999999999,0.3596,0.1246,0.182,0.185,0.2468,55.04,71.38,53.260000000000005,61.21999999999999,1.28,3.46,1.31,3.34,-7.5,1.9,1.9,-6.5,1.86,1.86,78.0,67.0,-11.0,-5.348162929717076,-0.190866595985199,-0.1021672243547512,11.274037026624557,0.4243503363196333,0.459330623692307,1.0,1,1,1.272965675812887,0.6030845609853981,0.09751424140981146,-0.29940119760479045
2019-01-13,PES,TOR,14,14,103.10714285714288,106.31428571428572,118.3142857142857,113.72857142857144,0.4792142857142858,0.5312857142857143,0.5632857142857143,0.5606428571428571,0.1692142857142857,0.183,0.1494285714285714,0.1737857142857142,0.2922857142857143,0.2340714285714285,0.2837857142857142,0.2697142857142857,0.251,0.2322857142857142,0.1751428571428571,0.1632857142857143,50.42857142857143,56.26428571428572,73.05,66.02142857142857,98.7,108.56,132.08,122.0,0.4474,0.534,0.6274,0.6016000000000001,0.1766,0.1616,0.1496,0.1682,0.376,0.2572,0.2844,0.2772,0.2442,0.1442,0.1814,0.1434,44.34,58.120000000000005,89.88,74.68,1.64,2.2,1.7,2.1,-2.5,1.9,1.9,-2.5,1.95,1.8,102.0,98.0,-4.0,-2.188383518445982,-0.0274930537402583,-0.0274930537402583,11.334371383332908,0.4890382353793009,0.4890382353793009,1.0,1,1,0.4462871026284196,0.3756500103559777,0.14815951345354617,-0.47619047619047616
2019-01-13,TREN,NBB,14,14,102.78571428571428,103.97142857142856,108.97857142857144,101.4642857142857,0.4792857142857141,0.4987857142857143,0.5505714285714286,0.5070714285714286,0.1495,0.1632142857142857,0.1997142857142857,0.187,0.2770714285714285,0.2601428571428571,0.2422857142857143,0.2504285714285714,0.2036428571428571,0.19,0.2471428571428571,0.1518571428571428,48.41428571428572,57.15,57.871428571428574,48.27857142857143,102.94,102.8,95.8,100.38,0.472,0.481,0.4883999999999999,0.5025999999999999,0.1326,0.1699999999999999,0.2312,0.1876,0.2968,0.2846,0.2642,0.2638,0.1864,0.1968,0.2016,0.151,53.88,54.48,43.620000000000005,46.540000000000006,1.36,3.01,1.34,3.09,-5.5,1.9,1.9,-5.5,1.83,1.9,76.0,79.0,3.0,-0.9073066081541192,-0.4156701787164618,-0.4156701787164618,11.048888342261048,0.3389068930632497,0.3389068930632497,0.0,0,0,1.021651247531981,0.6381744181303861,0.03820098640035818,0.6763754045307443
2019-01-27,TRIE,TOR,16,16,108.825,106.14375,107.25,113.5625,0.5487500000000001,0.5318125,0.51025,0.557125,0.1856249999999999,0.184125,0.1775,0.1680625,0.2479375,0.226125,0.2811875,0.2701875,0.18,0.2319375,0.2795625,0.1673125,59.0,56.49375,54.64375,66.53125,102.14,107.2,110.0,120.23999999999998,0.5232,0.5311999999999999,0.5187999999999999,0.598,0.1772,0.1726,0.1746,0.1629999999999999,0.2458,0.2598,0.2662,0.2493999999999999,0.1654,0.1614,0.2744,0.1894,54.66,59.75999999999999,63.74000000000001,75.72,1.3,3.28,1.28,3.46,-7.5,1.9,1.9,-7.5,1.86,1.86,115.0,110.0,-5.0,-2.226799216109148,-0.4734996607701486,-0.4734996607701486,11.136651661616767,0.3180224836703845,0.3180224836703845,0.0,0,1,1.203972804325936,0.3685735102176105,0.3424091487419271,-0.28901734104046245
2019-02-10,TOR,SAS,18,18,107.52777777777776,117.18333333333334,112.87777777777778,111.0888888888889,0.5382777777777777,0.5237222222222222,0.5482777777777778,0.5081666666666665,0.1825,0.161,0.167,0.1346111111111111,0.2273888888888889,0.3146111111111111,0.281,0.2662777777777778,0.2362222222222222,0.2171666666666666,0.1744444444444444,0.2691111111111111,57.07222222222222,62.51111111111111,65.1,55.09444444444445,111.42,120.66,112.2,118.64,0.5549999999999999,0.5399999999999999,0.528,0.513,0.1676,0.1434,0.1536,0.1084,0.2238,0.274,0.303,0.311,0.2244,0.2572,0.2054,0.2788,61.720000000000006,64.76,65.86,59.040000000000006,1.92,1.81,1.95,1.8,1.0,1.9,1.9,1.5,1.86,1.86,102.0,83.0,-19.0,-3.438969845746224,0.3983071323054819,0.4431719484843045,11.144590407037333,0.6547206725466987,0.671092026872302,1.0,1,1,0.0833816089390511,0.425203674319523,0.019240770124921425,-0.5555555555555556
2019-02-10,TRIE,VAR,18,18,110.17777777777776,110.69444444444444,107.87777777777778,105.55,0.548888888888889,0.4989444444444444,0.5123333333333333,0.5163333333333333,0.1869444444444444,0.1443333333333333,0.1772222222222222,0.1925555555555556,0.2623888888888889,0.3138333333333333,0.2822222222222221,0.2672222222222222,0.1913888888888889,0.1793888888888889,0.2908888888888888,0.1974444444444444,59.74444444444445,56.4388888888889,55.03333333333333,50.338888888888896,112.0,111.73999999999998,113.18000000000002,114.6,0.54,0.4542,0.525,0.534,0.1754,0.1276,0.1718,0.1834,0.2978,0.3942,0.2774,0.2998,0.202,0.2207999999999999,0.36,0.2406,58.96,50.42,63.04,54.88,1.5,2.47,1.51,2.46,-4.0,1.9,1.9,-3.5,1.86,1.86,96.0,104.0,8.0,-1.5514452641106988,-0.2204304476020955,-0.1754180890112968,11.108060445030931,0.4128089406921596,0.4304079033401422,0.0,0,0,0.6931471805599453,0.4067444510902197,0.18675148386912988,0.5934959349593496
2019-03-10,AVE,VAR,20,20,106.015,113.025,107.36500000000004,107.015,0.52005,0.5088999999999999,0.4931,0.5201999999999999,0.1694999999999999,0.1422999999999999,0.13865,0.18845,0.2192,0.31425,0.267,0.28105,0.2239,0.18065,0.2021,0.1961,58.610000000000014,58.245000000000005,56.335,51.290000000000006,97.12,120.56,109.61999999999998,113.84,0.4453999999999999,0.5199999999999999,0.5264,0.5366,0.177,0.1242,0.162,0.1756,0.2678,0.3414,0.2408,0.333,0.2394,0.2028,0.2355999999999999,0.2105999999999999,46.34,60.24,60.54,54.82000000000001,1.54,2.35,1.56,2.34,-3.5,1.9,1.9,-3.5,1.86,1.86,76.0,71.0,-5.0,-1.0726444538584654,-0.2203406839306841,-0.2203406839306841,11.01637474677688,0.4128438746157356,0.4128438746157356,1.0,1,1,0.616186139423817,0.4522356700587578,0.12041390259081486,-0.4273504273504274
2019-03-10,VEN,SAS,20,20,111.76,116.54,98.81499999999998,112.54,0.5589500000000001,0.5226999999999999,0.4521999999999999,0.5199499999999999,0.1685,0.16245,0.1543,0.13315,0.21725,0.31145,0.2876999999999999,0.26015,0.18335,0.2208999999999999,0.2352,0.27035,62.17500000000001,62.28000000000001,45.69500000000001,58.26500000000001,112.6,112.02,103.92,119.68,0.567,0.507,0.4679999999999999,0.5468,0.184,0.1662,0.146,0.1187999999999999,0.2319999999999999,0.3066,0.2932,0.2532,0.24,0.199,0.2602,0.2868,60.24,58.86,47.14,69.3,1.27,3.53,1.29,3.41,-7.5,1.9,1.9,-7.5,1.86,1.86,98.0,90.0,-8.0,-8.41859118153461,0.0816765094381284,0.0816765094381284,11.246699789863833,0.5325331368397817,0.5325331368397817,1.0,1,1,1.3093333199837622,0.613900341725164,0.09284452631002671,-0.29325513196480935
2019-03-17,PIS,SAS,21,21,103.14761904761905,117.28571428571428,116.5952380952381,114.03333333333336,0.5026190476190476,0.5307142857142857,0.5596666666666666,0.5289047619047619,0.1865238095238095,0.1617142857142857,0.1707142857142857,0.1330952380952381,0.2977142857142857,0.3096190476190476,0.2765238095238095,0.263047619047619,0.2197619047619048,0.2225238095238094,0.2537142857142856,0.2678095238095238,46.15714285714286,62.19047619047621,64.71904761904761,59.0904761904762,96.9,116.76,114.1,129.66000000000005,0.4720000000000001,0.5396,0.5658,0.5992,0.2252,0.1718,0.1883999999999999,0.116,0.2826,0.3296,0.235,0.275,0.2774,0.2302,0.2526,0.2902,41.16,56.64,65.28,75.66000000000001,1.98,1.77,2.02,1.74,1.5,1.9,1.9,1.5,1.86,1.86,82.0,90.0,8.0,1.1964200544312051,0.0266970445115739,0.0266970445115739,11.371294130973356,0.5106444641736202,0.5106444641736202,0.0,0,0,0.0202027073175194,0.3064410880003086,0.11884626832153056,0.4252873563218391
2019-04-20,CAN,VAR,26,26,109.04615384615386,113.0,112.6846153846154,108.29999999999998,0.5253846153846154,0.5129615384615385,0.5187307692307692,0.5262692307692307,0.1821538461538461,0.1398076923076923,0.134,0.1863461538461538,0.2847692307692308,0.3182307692307692,0.2774999999999999,0.2759615384615385,0.2353846153846154,0.1716538461538461,0.2351538461538461,0.1994999999999999,56.50769230769231,56.99615384615385,61.83076923076923,51.99615384615385,104.21999999999998,116.18,109.01999999999998,114.42,0.4816,0.5448000000000001,0.4824,0.5668,0.17,0.1306,0.1164,0.1851999999999999,0.267,0.3508,0.2662,0.2492,0.25,0.1382,0.2477999999999999,0.1936,51.8,56.24,61.15999999999999,53.1,1.65,2.16,1.64,2.18,-2.5,1.9,1.9,-2.5,1.86,1.86,84.0,75.0,-9.0,-1.9448868776238708,-0.0498424189327467,-0.0498424189327467,11.137363199108645,0.4801330455377514,0.4801330455377514,1.0,1,1,0.4307829160924544,0.528943932164027,0.012340471505697781,-0.4587155963302752
2019-11-10,VEN,SAS,7,6,103.24285714285716,118.66666666666669,99.08571428571427,96.78333333333336,0.5147142857142857,0.5486666666666666,0.4821428571428571,0.464,0.177,0.1833333333333333,0.1598571428571428,0.1585,0.222,0.2641666666666666,0.2364285714285714,0.304,0.1567142857142857,0.2381666666666667,0.2408571428571428,0.15,53.54285714285714,66.23333333333333,47.0,41.68333333333333,100.5,119.74,94.14,100.22,0.498,0.5392,0.4746,0.4866,0.19,0.1864,0.1798,0.1626,0.2335999999999999,0.2998,0.2422,0.2884,0.1518,0.2395999999999999,0.2112,0.1649999999999999,51.36,66.8,45.760000000000005,45.400000000000006,1.57,2.3,1.63,2.22,-3.0,1.9,1.9,-2.5,1.86,1.86,55.0,54.0,-1.0,4.289110814977501,-0.650711158813118,-0.6060753194542177,11.201760898449429,0.2577525963193975,0.272357619238594,0.0,0,1,0.5621189181535411,0.2639493553893089,0.28560019416024074,-0.4504504504504504
2019-11-24,MIL,SAS,9,8,113.53333333333332,115.725,102.58888888888887,96.325,0.5573333333333333,0.54425,0.4756666666666667,0.46075,0.1648888888888889,0.1831249999999999,0.173,0.165125,0.217,0.257125,0.2718888888888889,0.306125,0.3067777777777778,0.24075,0.2175555555555555,0.14325,58.68888888888888,64.6125,45.05555555555556,41.225,117.02,114.6,104.56,96.46,0.5588,0.531,0.4666,0.4589999999999999,0.1562,0.1742,0.1736,0.1736,0.2392,0.2562,0.2966,0.305,0.364,0.2556,0.259,0.1438,58.8,63.74000000000001,44.46,41.16,1.39,2.89,1.45,2.67,-6.0,1.9,1.9,-4.5,1.86,1.86,90.0,78.0,-12.0,-5.945148673981363,-0.0050058655172167,0.1318877853905819,10.957411027121246,0.4980038661436872,0.5524393151148099,1.0,1,1,0.9416085398584452,0.6060896185880541,0.019378546205953362,-0.37453183520599254
2019-11-30,TREN,NBB,9,9,106.14444444444445,113.84444444444443,109.84444444444443,104.8888888888889,0.5245555555555556,0.5581111111111112,0.4942222222222223,0.528888888888889,0.1387777777777777,0.1534444444444444,0.1448888888888889,0.1927777777777778,0.1821111111111111,0.255,0.2916666666666667,0.243,0.18,0.2001111111111111,0.2416666666666667,0.1814444444444444,54.46666666666667,62.05555555555556,57.78888888888889,47.422222222222224,105.86,113.24,110.24,105.6,0.5191999999999999,0.5730000000000001,0.4826,0.5283999999999999,0.15,0.149,0.1406,0.1762,0.1921999999999999,0.225,0.3183999999999999,0.2325999999999999,0.1968,0.1921999999999999,0.2736,0.164,52.88,65.46000000000001,58.040000000000006,50.46,1.63,2.19,1.6,2.29,-2.5,1.9,1.9,-2.5,1.86,1.86,78.0,67.0,-11.0,0.7930751412438584,-0.2937651328252815,-0.2937651328252815,11.209891077177064,0.3845242013676572,0.3845242013676572,1.0,1,1,0.4620354595965588,0.4381198051939087,0.1251989720986677,-0.4366812227074236
2020-11-07,BOL,NBB,6,5,110.7,114.74,102.93333333333334,103.54,0.5423333333333332,0.5024,0.492,0.521,0.1708333333333333,0.1561999999999999,0.1936666666666666,0.1728,0.244,0.3137999999999999,0.2823333333333334,0.1961999999999999,0.2063333333333333,0.2494,0.2465,0.2065999999999999,63.51666666666667,58.08,47.78333333333333,48.7,109.54,114.74,105.48,103.54,0.5198,0.5024,0.507,0.521,0.1634,0.1561999999999999,0.1964,0.1728,0.2728,0.3137999999999999,0.2746,0.1961999999999999,0.22,0.2494,0.2458,0.2065999999999999,61.720000000000006,58.08,49.36,48.7,1.25,3.77,1.38,2.92,-7.5,1.9,1.9,-6.5,1.86,1.86,88.0,98.0,10.0,2.003991158293997,-0.8500889711743258,-0.7606434995807979,11.179995836394678,0.1978230974967657,0.223598293460602,0.0,0,0,1.3862943611198906,0.4149436748763351,0.24259057169900738,0.6575342465753424
2020-11-15,SAS,NBB,6,6,115.86666666666666,116.31666666666668,112.96666666666664,104.88333333333334,0.5804999999999999,0.5221666666666667,0.5393333333333333,0.5291666666666667,0.1878333333333333,0.1555,0.178,0.1778333333333333,0.2266666666666666,0.2935,0.3349999999999999,0.2066666666666666,0.32,0.2643333333333333,0.1733333333333333,0.2111666666666666,66.33333333333333,62.25,59.76666666666667,49.16666666666666,111.96,121.92,111.34,106.1,0.5728,0.5404,0.52,0.5297999999999999,0.1912,0.1417999999999999,0.1736,0.1792,0.2073999999999999,0.2981999999999999,0.342,0.2341999999999999,0.3094,0.2834,0.1742,0.2008,65.0,69.14000000000001,61.64,48.5,1.44,2.64,1.5,2.49,-4.5,1.9,1.9,-4.5,1.95,1.8,87.0,100.0,13.0,1.15074201375731,-0.5037908491212314,-0.5037908491212314,11.216444331241764,0.3073052260914274,0.3073052260914274,0.0,0,0,0.8209805520698303,0.3605671587310791,0.23782641556610978,0.5983935742971889
2020-12-03,REG,TREV,6,6,104.55,115.68333333333332,106.86666666666667,124.86666666666666,0.512,0.5291666666666667,0.496,0.6191666666666668,0.2045,0.1436666666666666,0.164,0.1765,0.2344999999999999,0.3023333333333333,0.3023333333333333,0.2566666666666666,0.2736666666666666,0.2381666666666666,0.2226666666666666,0.2383333333333333,48.98333333333333,57.38333333333333,53.38333333333333,68.41666666666667,105.84,114.8,104.2,126.96,0.5184,0.5168,0.4952,0.6354000000000001,0.2068,0.1352,0.1802,0.1659999999999999,0.2659999999999999,0.3174,0.3097999999999999,0.2153999999999999,0.2421999999999999,0.2168,0.2113999999999999,0.2552,50.42,57.48,50.220000000000006,70.74,1.24,4.0,1.44,2.69,-5.5,1.9,1.9,-4.5,1.86,1.86,98.0,74.0,-24.0,-4.81118486699607,-0.0619696503215598,0.027995925857508,11.115362591682793,0.4753047773917973,0.5111622129294252,1.0,1,1,1.4271163556401458,0.5972953683241145,0.030957419779974737,-0.3717472118959108
2020-12-05,BRE,BOLO,8,7,103.075,107.12857142857142,111.1,117.42857142857144,0.517375,0.5282857142857144,0.5395,0.5599999999999999,0.1765,0.1661428571428571,0.155125,0.1784285714285714,0.224375,0.2714285714285714,0.222625,0.2764285714285714,0.1801249999999999,0.1725714285714285,0.221625,0.2307142857142857,49.725,56.34285714285714,57.2875,66.54285714285714,96.48,103.08,109.88,122.02,0.4702,0.5189999999999999,0.5314,0.5476,0.179,0.1746,0.1572,0.1591999999999999,0.2646,0.2463999999999999,0.2364,0.3014,0.1522,0.1616,0.1946,0.25,42.12,52.44,57.32000000000001,73.10000000000001,1.44,2.72,1.43,2.75,-4.5,1.9,1.9,-5.5,1.86,1.86,99.0,85.0,-14.0,-7.036028135719718,0.2308533027865543,0.1398238305441106,10.985453121563156,0.591242613200984,0.555574767668351,1.0,1,1,0.8209805520698303,0.6020867724839736,0.03427686387966278,-0.36363636363636365
2020-12-13,SAS,TREV,8,8,113.825,115.0375,112.85,124.225,0.5742499999999999,0.533,0.544625,0.615,0.19475,0.14375,0.193625,0.18375,0.2325,0.302125,0.346625,0.2638749999999999,0.32275,0.21625,0.157625,0.25975,62.7,57.2625,61.825,68.0625,115.04,117.92,116.58,121.0,0.6122,0.5372,0.5468,0.589,0.1954,0.1271999999999999,0.193,0.1841999999999999,0.2014,0.323,0.3776,0.2699999999999999,0.295,0.1751999999999999,0.1684,0.2926,64.38,63.96,66.05999999999999,63.55999999999999,1.27,3.53,1.25,3.79,-8.5,1.9,1.9,-8.5,1.86,1.86,97.0,93.0,-4.0,-8.307076917916627,-0.0171382568381085,-0.0171382568381085,11.25686724768824,0.4931662726366804,0.4931662726366804,0.0,0,1,1.3093333199837622,0.6264365836809234,0.10971117357501331,-0.2638522427440633
2020-12-16,CAN,TRIE,9,6,101.4,96.28333333333336,113.73333333333332,102.66666666666669,0.5057777777777778,0.4851666666666667,0.5575555555555556,0.458,0.1768888888888889,0.1926666666666666,0.1551111111111111,0.1571666666666666,0.2215555555555555,0.2413333333333333,0.2235555555555555,0.3188333333333333,0.2217777777777777,0.1269999999999999,0.1727777777777778,0.1753333333333333,49.5,51.26666666666667,63.86666666666666,55.88333333333333,99.78,89.47999999999999,119.56000000000002,103.51999999999998,0.5048,0.4497999999999999,0.5724,0.4538,0.1842,0.1928,0.1336,0.1528,0.2282,0.2421999999999999,0.2426,0.3026,0.1723999999999999,0.1172,0.1764,0.1911999999999999,43.96,42.32,73.0,58.28,1.4,2.86,1.56,2.36,-5.0,1.9,1.9,-2.5,1.83,1.9,73.0,67.0,-6.0,-6.041038341051756,0.093412470015435,0.317737709374681,11.144532853908478,0.5371950182296221,0.624597640810387,1.0,1,1,0.9162907318741552,0.539885853707633,0.03638533273304495,-0.42372881355932207
2020-12-20,TRIE,TREN,7,11,95.78571428571428,105.9,102.44285714285716,105.2909090909091,0.4738571428571428,0.5109090909090909,0.464,0.5346363636363637,0.1868571428571428,0.1682727272727272,0.1544285714285714,0.1929090909090909,0.2481428571428571,0.2903636363636364,0.3041428571428571,0.2034545454545454,0.1315714285714285,0.178,0.1704285714285714,0.2503636363636363,49.67142857142858,52.92727272727273,56.885714285714286,53.04545454545453,89.82,106.98000000000002,106.02,99.88,0.4434,0.5088000000000001,0.4746,0.544,0.1814,0.1422,0.141,0.2394,0.241,0.2592,0.2774,0.213,0.1183999999999999,0.2184,0.1778,0.2124,40.44,55.88,62.7,50.260000000000005,2.82,1.4,2.64,1.46,6.5,1.86,1.95,4.5,1.86,1.86,92.0,82.0,-10.0,7.075608071179345,-0.0518018526912283,-0.2317918677203547,11.111727501530323,0.4793527108211497,0.4083930219842249,1.0,1,1,-0.5988365010887039,0.2502725043205376,0.06479598883014737,-0.684931506849315
2020-12-20,BOLO,CRE,10,9,106.33,111.28888888888888,115.59,109.75555555555556,0.5130000000000001,0.5048888888888889,0.5532,0.5064444444444445,0.1594,0.1307777777777777,0.178,0.1508888888888889,0.2581,0.2751111111111111,0.2755999999999999,0.2584444444444445,0.2008,0.2267777777777777,0.2123,0.1998888888888889,56.29,58.15555555555555,65.56,59.62222222222223,104.56,114.78,116.72,105.26000000000002,0.4892,0.5186,0.5512,0.4506,0.1546,0.1088,0.1708,0.1394,0.2504,0.2193999999999999,0.2928,0.3262,0.2353999999999999,0.2577999999999999,0.184,0.191,54.68000000000001,63.56,68.64,54.64,1.27,3.59,1.4,2.83,-5.5,1.86,1.95,-5.5,1.86,1.86,85.0,71.0,-14.0,-2.665444797796789,-0.2558534264204719,-0.2558534264204719,11.078824473293851,0.3990799258784359,0.3990799258784359,1.0,1,1,1.3093333199837622,0.5541029362650447,0.09254017327559133,-0.35335689045936397
2020-12-23,VEN,TRIE,10,8,105.47,98.775,106.53,102.975,0.5295,0.500375,0.4993999999999999,0.46675,0.2075,0.191125,0.1503,0.1481249999999999,0.242,0.23275,0.2868,0.309375,0.2233,0.1383749999999999,0.224,0.172,50.46,51.6875,53.11,55.7625,99.94,96.34,108.04,104.04,0.5138,0.4977999999999999,0.4902,0.4678,0.2416,0.1961999999999999,0.1167999999999999,0.1457999999999999,0.2306,0.221,0.2828,0.2977999999999999,0.2766,0.1356,0.2258,0.1934,43.44,45.44,56.120000000000005,56.56,1.23,3.89,1.24,3.84,-8.5,1.95,1.86,-8.5,1.9,1.83,81.0,66.0,-15.0,-9.445685631975916,0.0862925604006544,0.0862925604006544,10.95906330261982,0.5343673428169055,0.5343673428169055,1.0,1,1,1.4696759700589417,0.729755060278368,0.009828273054965309,-0.2604166666666667
2020-12-30,TRIE,TREV,10,12,99.47,114.53333333333332,106.43,122.32500000000005,0.5186,0.5192500000000001,0.4833,0.5930833333333333,0.1913,0.1498333333333333,0.1505,0.1713333333333333,0.207,0.3130833333333333,0.31,0.2676666666666666,0.1433999999999999,0.2222499999999999,0.1679999999999999,0.2554166666666666,51.35,58.13333333333333,58.06999999999999,68.04166666666667,99.58,116.18000000000002,110.42,117.4,0.5324,0.5172000000000001,0.5045999999999999,0.5549999999999999,0.1972,0.1658,0.1474,0.159,0.18,0.3386,0.304,0.2868,0.1731999999999999,0.2112,0.1644,0.2455999999999999,48.760000000000005,62.94,61.48,64.08,1.69,2.11,1.63,2.22,-2.5,1.9,1.9,-1.5,1.86,1.86,84.0,79.0,-5.0,-1.1825967085770976,-0.1180729357625166,-0.0284474303981051,11.157538202256886,0.4530265268033786,0.488657816640867,1.0,1,1,0.371063681390832,0.3005177618803722,0.24903178766917733,-0.4504504504504504
2020-12-30,BOL,PES,12,11,108.80833333333334,115.22727272727272,100.475,111.7272727272727,0.5311666666666667,0.5333636363636364,0.4949166666666666,0.5325454545454545,0.18425,0.1561818181818182,0.19775,0.1539090909090909,0.2645,0.2944545454545454,0.2515,0.2612727272727272,0.1973333333333333,0.2050909090909091,0.2405,0.223090909090909,63.61666666666667,55.86363636363637,50.14166666666667,56.127272727272725,105.98,117.68000000000002,92.78000000000002,110.52,0.51,0.5498,0.4731999999999999,0.5448,0.1966,0.16,0.2118,0.1628,0.2902,0.3116,0.2264,0.2552,0.1792,0.1964,0.2135999999999999,0.183,66.16,58.08,46.38,55.88,1.12,5.7,1.13,5.6,-11.5,1.9,1.9,-11.5,1.86,1.86,100.0,80.0,-20.0,-4.051170044042948,-0.6756138714781543,-0.6756138714781543,11.025276819228107,0.2497851519079044,0.2497851519079044,1.0,1,1,2.12026353620009,0.7033707776453435,0.11805779378322792,-0.17857142857142858
2021-01-06,TRIE,REG,11,12,100.3,105.16666666666669,106.03636363636362,105.875,0.5277272727272727,0.4893333333333333,0.4848181818181818,0.4881666666666667,0.1950909090909091,0.1840833333333333,0.1509090909090909,0.1624166666666666,0.1991818181818182,0.2794166666666666,0.3087272727272727,0.2885,0.1472727272727272,0.2625833333333333,0.1674545454545454,0.2429166666666666,52.82727272727273,50.68333333333334,58.04545454545453,53.55,105.12,100.6,110.08,105.98000000000002,0.5788,0.4346,0.517,0.4824,0.198,0.156,0.1434,0.1715999999999999,0.1486,0.3416,0.2966,0.2795999999999999,0.1715999999999999,0.2204,0.1579999999999999,0.2794,54.7,45.74,60.64,56.74,1.78,1.97,1.8,1.95,-1.0,1.9,1.9,-1.5,1.9,1.83,78.0,69.0,-9.0,-2.7984148572459326,0.1626669460532536,0.1174418564700972,11.055810051644851,0.5645797355947778,0.5467235654965894,1.0,1,1,0.2484613592984996,0.4068352701566438,0.08034421702284333,-0.5128205128205129
2021-01-23,REG,TREN,15,15,103.65333333333336,106.62000000000002,109.44666666666666,108.34,0.4976666666666666,0.5113333333333333,0.502,0.5513333333333335,0.1902666666666666,0.1577333333333333,0.1541999999999999,0.186,0.2544666666666667,0.2887333333333333,0.2914666666666666,0.1967333333333333,0.2524666666666667,0.1722666666666666,0.2245333333333333,0.2451333333333333,48.75333333333334,52.28666666666667,57.90666666666667,56.33999999999999,95.76,108.02,115.8,114.22,0.4828,0.51,0.5376000000000001,0.5746,0.1949999999999999,0.1316,0.1516,0.1678,0.2318,0.2643999999999999,0.2668,0.1937999999999999,0.1986,0.1848,0.2192,0.219,40.74,49.92,69.22,61.8,1.6,2.27,1.74,2.05,-1.5,1.86,1.95,-1.5,1.8,1.95,83.0,74.0,-9.0,-0.2736559499435271,-0.112033281630939,-0.112033281630939,10.946247688220945,0.4554189835223274,0.4554189835223274,1.0,1,1,0.5108256237659905,0.4702466551210403,0.04194846683017922,-0.48780487804878053
2021-01-31,CAN,VAR,16,13,104.06875,105.87692307692306,114.31875,118.83076923076922,0.521,0.4956153846153847,0.5509375000000001,0.5532307692307693,0.17825,0.1670769230769231,0.153375,0.148,0.233,0.2778461538461538,0.25125,0.2549230769230769,0.21425,0.2451538461538461,0.1630625,0.2345384615384614,53.2625,49.02307692307692,64.9375,64.66153846153847,107.98000000000002,104.26,119.47999999999998,123.96,0.5378000000000001,0.457,0.5694000000000001,0.5654,0.1842,0.1417999999999999,0.1562,0.1469999999999999,0.2604,0.3236,0.2892,0.2464,0.2138,0.2414,0.1638,0.2488,55.98,48.74,69.85999999999999,67.78,1.26,3.69,1.24,3.83,-6.5,1.9,1.9,-8.5,1.86,1.86,97.0,82.0,-15.0,-9.987716354635712,0.3165997966380566,0.1350484521789541,11.016167387570816,0.6241661820362997,0.5536884681502767,1.0,1,1,1.3470736479666092,0.7089901882483064,0.029913206007568305,-0.2610966057441253
2021-03-28,BOL,BOLO,23,20,112.1086956521739,105.815,102.31304347826088,112.115,0.5510434782608695,0.5211000000000001,0.4906956521739129,0.53775,0.1837391304347826,0.1689,0.1759565217391304,0.1682,0.2438260869565217,0.2365,0.268,0.2688,0.2238260869565216,0.2023,0.2366086956521739,0.1941,66.22608695652173,57.35000000000001,50.95217391304348,61.785,105.98,104.12,101.62,119.42,0.522,0.5364000000000001,0.457,0.5731999999999999,0.1896,0.1811999999999999,0.1296,0.1714,0.2004,0.2004,0.2522,0.2842,0.2874,0.1955999999999999,0.2496,0.2231999999999999,58.28,56.14,48.64000000000001,67.35999999999999,1.12,5.7,1.08,7.23,-10.5,1.9,1.9,-13.5,1.83,1.9,81.0,73.0,-8.0,-11.830421183326262,0.1210803004059654,-0.1519466971871854,10.987924368089146,0.5481641330715292,0.439642398926691,0.0,0,1,2.12026353620009,0.7542696725058136,0.10741774104881993,-0.1383125864453665
2021-03-29,REG,PES,22,21,102.17727272727274,113.08095238095235,110.64545454545454,114.87142857142857,0.4953636363636363,0.5204285714285715,0.5108181818181818,0.5651904761904761,0.1799999999999999,0.1515714285714285,0.1521363636363636,0.1614285714285714,0.2428181818181817,0.2973333333333333,0.2630454545454546,0.2369999999999999,0.2421363636363636,0.1991428571428571,0.2309090909090909,0.2468095238095238,47.804545454545455,55.785714285714285,58.54545454545455,61.919047619047625,96.58,98.18,116.48,109.54,0.4782,0.4532,0.5614,0.5494000000000001,0.1662,0.1436,0.1546,0.1714,0.2412,0.2682,0.1836,0.1894,0.2108,0.1924,0.2392,0.2429999999999999,43.46,49.02,64.24,65.22,2.09,1.71,2.06,1.72,2.5,1.86,1.95,1.5,1.86,1.86,91.0,79.0,-12.0,0.1679330711163436,0.2079623707055425,0.1187872410684644,11.21388894044524,0.5823322638542893,0.547256315925812,1.0,1,1,-0.0861776962410522,0.3774331671121376,0.04117148405065307,-0.5813953488372093
2021-04-10,BOLO,PES,22,23,106.3681818181818,113.50434782608696,112.0,116.3608695652174,0.5325000000000002,0.5186086956521739,0.5329999999999999,0.572391304347826,0.1737727272727272,0.1499565217391304,0.1680454545454545,0.1621304347826087,0.225090909090909,0.3016521739130435,0.2779999999999999,0.2367391304347826,0.1996818181818182,0.2129565217391304,0.197090909090909,0.2531304347826086,57.536363636363646,56.08260869565217,61.6409090909091,62.230434782608704,106.14,105.48,121.84,121.82,0.5766,0.4498,0.5656,0.5982000000000001,0.1982,0.1314,0.1726,0.1736,0.1805999999999999,0.3196,0.3288,0.1911999999999999,0.1664,0.3024,0.2274,0.3266,55.3,51.42,70.08,68.16,1.59,2.3,1.68,2.12,-4.5,1.9,1.9,-2.5,1.86,1.86,77.0,79.0,2.0,-4.031541066467453,-0.0412780416623045,0.134951030760483,11.348865272364597,0.4835446227341908,0.55364997334632,0.0,0,0,0.5276327420823718,0.3984703779901205,0.12983150880233246,0.5283018867924529
2021-04-11,VEN,BRE,23,23,108.01304347826084,110.03913043478263,104.17391304347824,114.66086956521738,0.5447391304347826,0.5306521739130434,0.4983913043478261,0.5618695652173913,0.1908260869565217,0.165695652173913,0.1727826086956521,0.1668695652173913,0.2545652173913043,0.2477826086956522,0.258695652173913,0.241391304347826,0.1864347826086956,0.2013478260869565,0.2803913043478261,0.2415652173913043,54.69565217391305,57.62173913043478,52.61304347826086,60.15652173913044,105.32,109.02,103.74,119.6,0.5464,0.5034000000000001,0.507,0.6104,0.2053999999999999,0.1808,0.2118,0.1654,0.2766,0.2818,0.2489999999999999,0.2362,0.1702,0.2526,0.3747999999999999,0.2085999999999999,50.24,52.68000000000001,53.98,64.17999999999999,1.21,4.25,1.24,3.88,-9.5,1.9,1.9,-8.5,1.86,1.86,94.0,87.0,-7.0,-5.728326231668626,-0.3409618971610895,-0.2505612108599691,11.061862922910192,0.3666313551844224,0.4011235576171944,0.0,0,1,1.5606477482646686,0.676157305694919,0.06611073554219432,-0.2577319587628866
2021-04-18,TRIE,PES,25,25,105.924,112.548,107.368,116.476,0.5338,0.51544,0.5134799999999999,0.57396,0.1758,0.1529599999999999,0.16628,0.16472,0.22704,0.3094,0.27248,0.2316,0.16292,0.20728,0.20568,0.25772,56.78,55.056,57.6,62.176,100.86,106.56,110.98,120.02,0.496,0.4718,0.5616000000000001,0.5892000000000001,0.1518,0.1604,0.1846,0.1911999999999999,0.208,0.3498,0.2173999999999999,0.2138,0.1906,0.2688,0.2176,0.3243999999999999,50.9,49.96,63.16,62.06,1.53,2.44,1.49,2.56,-4.0,1.9,1.9,-4.5,1.9,1.83,101.0,88.0,-13.0,-4.965386861104697,0.086924678826969,0.0419040335659072,11.10601585340778,0.5346184614588944,0.5167047820045235,1.0,1,1,0.6348782724359695,0.5330998048286415,0.0762751951713585,-0.390625
2021-12-11,TREV,PES,10,10,106.34,105.25,106.57,110.34,0.5269999999999999,0.516,0.5083,0.5386,0.1715,0.1845,0.1599999999999999,0.1554,0.2138999999999999,0.2709,0.2384,0.2552,0.2205,0.1631999999999999,0.1713999999999999,0.1853,56.39,53.89,52.9,60.61,109.46,112.08,110.93999999999998,114.58,0.5378000000000001,0.5268,0.5268,0.5641999999999999,0.1598,0.162,0.1442,0.1748,0.206,0.3286,0.2522,0.2778,0.2176,0.1646,0.1526,0.2208,56.34,61.220000000000006,58.16,60.32000000000001,1.21,4.05,1.21,4.13,-8.5,1.86,1.95,-8.5,1.83,1.9,63.0,73.0,10.0,-8.467789527316107,-0.002938953620711,-0.002938953620711,10.959843822271544,0.4988280626218423,0.4988280626218423,0.0,0,0,1.5606477482646686,0.7166718952108299,0.041197354183843266,0.7578692493946732
2021-12-19,BRE,CRE,11,11,105.3181818181818,106.56363636363636,109.4181818181818,111.3181818181818,0.5064545454545456,0.5068181818181818,0.5127272727272728,0.5406363636363636,0.1749090909090909,0.1674545454545454,0.172,0.1711818181818181,0.2572727272727272,0.2747272727272726,0.2923636363636364,0.2616363636363636,0.1949090909090909,0.2061818181818181,0.2609090909090908,0.2366363636363636,48.34545454545455,52.1,54.20909090909092,61.94545454545455,98.06000000000002,109.74,113.82,119.98,0.4705999999999999,0.5096,0.5024,0.598,0.1911999999999999,0.1646,0.1488,0.1754,0.2387999999999999,0.3252,0.3092,0.219,0.245,0.2344,0.2584,0.2618,37.1,53.82000000000001,57.14,70.12,1.37,2.97,1.43,2.75,-4.5,1.9,1.9,-4.5,1.83,1.9,86.0,73.0,-13.0,-4.219831054991015,-0.025574559219175,-0.025574559219175,10.954986266153195,0.4898029856458223,0.4898029856458223,1.0,1,1,0.9942522733438668,0.4007234261980084,0.23564021016562797,-0.36363636363636365
